行业,代码,公司,最终状态,首个定量淘汰原因,定性结论,PE_TTM,最新ROE_pct,近3期ROE中位数_pct,ROE除以PE,最新毛利率_pct,近3期毛利率中位数_pct,最新资产负债率_pct,最新ROIC_pct,近3期ROIC中位数_pct,本地资料
必选消费,00151,中国旺旺,通过初筛,,食品饮料主业清晰，品牌与全国渠道构成供给侧优势；低杠杆、高回报，长期分红并有回购记录。,9.44,20.4,25.4,2.16,46.3,46.6,30.4,21.3,21.6,stocks/必选消费/HK_中国旺旺(00151).md
必选消费,00168,青岛啤酒股份,定量淘汰,最新ROIC<15%或未披露,未进入定性复核,11.63,15.4,15.4,1.32,41.8,40.2,39.6,12.9,14,stocks/必选消费/HK_青岛啤酒股份(00168).md
必选消费,00220,统一企业中国,定量淘汰,近3期ROE中位数<15%,未进入定性复核,13.81,15.2,13.8,1.10,33.2,32.5,44.5,10.3,9.3,stocks/必选消费/HK_统一企业中国(00220).md
必选消费,00288,万洲国际,定量淘汰,最新ROE<15%,未进入定性复核,8.29,14.3,14.3,1.72,17.8,19.5,41.6,9.2,9.2,stocks/必选消费/HK_万洲国际(00288).md
必选消费,00291,华润啤酒,定量淘汰,最新ROE<15%,未进入定性复核,20.67,10.5,15.3,0.51,43.1,42.6,47.6,5.6,7.7,stocks/必选消费/HK_华润啤酒(00291).md
必选消费,00322,康师傅控股,定量淘汰,最新毛利率<40%或未披露,未进入定性复核,12.83,30.8,26.6,2.40,34.8,33.1,66.3,11.5,9.4,stocks/必选消费/HK_康师傅控股(00322).md
必选消费,00336,华宝国际,定量淘汰,无有效正PE（亏损或资料缺失）,未进入定性复核,-21.75,-3.3,-3.1,0.15,40.8,42.7,9.4,-4.6,-4,stocks/必选消费/HK_华宝国际(00336).md
必选消费,00345,维他奶国际,定量淘汰,最新ROE<15%,未进入定性复核,23.6,9.2,7.7,0.39,51,51,44,6.6,5.2,stocks/必选消费/HK_维他奶国际(00345).md
必选消费,00506,中国食品,定量淘汰,最新ROE<15%,未进入定性复核,9.58,12.9,13.8,1.35,37.1,37.1,42.6,8.6,8.6,stocks/必选消费/HK_中国食品(00506).md
必选消费,00546,阜丰集团,定量淘汰,最新ROE<15%,未进入定性复核,4.71,13,13,2.76,19.7,19.7,55.5,8.9,9,stocks/必选消费/HK_阜丰集团(00546).md
必选消费,01044,恒安国际,定量淘汰,最新ROE<15%,未进入定性复核,9.71,11.9,11.9,1.23,33.8,33.7,49.1,9.6,9.8,stocks/必选消费/HK_恒安国际(01044).md
必选消费,01112,H&H国际控股,定量淘汰,最新ROE<15%,未进入定性复核,44.71,3.3,3.3,0.07,62.4,60.6,69.1,1.1,1.1,stocks/必选消费/HK_H&H国际控股(01112).md
必选消费,01117,现代牧业,定量淘汰,无有效正PE（亏损或资料缺失）,未进入定性复核,-7.79,-12.7,-12.7,1.63,27.4,26,73.2,-3.9,-3.9,stocks/必选消费/HK_现代牧业(01117).md
必选消费,01475,日清食品,定量淘汰,最新ROE<15%,未进入定性复核,19.58,8.9,8.9,0.45,34.6,34.4,21.3,10.1,10.1,stocks/必选消费/HK_日清食品(01475).md
必选消费,01579,颐海国际,定量淘汰,最新毛利率<40%或未披露,未进入定性复核,16.49,18.3,18.3,1.11,32.7,31.6,16.7,23.9,23.9,stocks/必选消费/HK_颐海国际(01579).md
必选消费,01610,中粮家佳康,定量淘汰,无有效正PE（亏损或资料缺失）,未进入定性复核,-6.16,-8.3,-1.6,1.35,1.8,2.9,59.3,-3.7,-0.8,stocks/必选消费/HK_中粮家佳康(01610).md
必选消费,01768,鸣鸣很忙,定量淘汰,最新毛利率<40%或未披露,未进入定性复核,31.61,33.7,16.2,1.07,9.8,7.6,35.8,27.2,12.6,stocks/必选消费/HK_鸣鸣很忙(01768).md
必选消费,01876,百威亚太,定量淘汰,最新ROE<15%,未进入定性复核,23.36,4.8,6.9,0.21,50.1,50.4,30.1,4.1,5.9,stocks/必选消费/HK_百威亚太(01876).md
必选消费,02145,上美股份,定量淘汰,最新资产负债率>40%或未披露,未进入定性复核,9.12,44.5,37.2,4.88,76.4,75.2,42.1,30.8,28.4,stocks/必选消费/HK_上美股份(02145).md
必选消费,02218,安德利果汁,定量淘汰,最新ROE<15%,未进入定性复核,14.29,12.2,10.4,0.85,24.3,24.8,5.3,13,11.5,stocks/必选消费/HK_安德利果汁(02218).md
必选消费,02319,蒙牛乳业,定量淘汰,最新ROE<15%,未进入定性复核,40.89,3.8,3.8,0.09,39.9,39.6,51.1,1.9,1.9,stocks/必选消费/HK_蒙牛乳业(02319).md
必选消费,02367,巨子生物,定性淘汰,,重组胶原蛋白、医用敷料及功能食品并行，涉及生物活性、医疗监管与功效验证，产品复杂。,14.42,22.5,36,1.56,80.3,82.1,8.5,45,63.9,stocks/必选消费/HK_巨子生物(02367).md
必选消费,02419,德康农牧,定量淘汰,最新毛利率<40%或未披露,未进入定性复核,12.14,17.1,17.1,1.41,13.7,13.7,61.9,7.7,7.7,stocks/必选消费/HK_德康农牧(02419).md
必选消费,02460,华润饮料,定量淘汰,最新ROE<15%,未进入定性复核,16.47,8.9,18,0.54,45.7,45.7,26.5,12.4,17,stocks/必选消费/HK_华润饮料(02460).md
必选消费,02517,锅圈,定量淘汰,最新ROE<15%,未进入定性复核,10.3,14,8.2,1.36,21.6,21.9,39.3,13,7.9,stocks/必选消费/HK_锅圈(02517).md
必选消费,02648,安井食品,定量淘汰,最新ROE<15%,未进入定性复核,14.15,9.6,11.6,0.68,21.6,22.6,23.4,9,10.9,stocks/必选消费/HK_安井食品(02648).md
必选消费,02698,乐舒适,定量淘汰,最新毛利率<40%或未披露,未进入定性复核,20.52,31.2,84.4,1.52,35.9,35.2,16.4,44.9,43.5,stocks/必选消费/HK_乐舒适(02698).md
必选消费,02714,牧原股份,定量淘汰,最新毛利率<40%或未披露,未进入定性复核,17.4,20.7,20.7,1.19,17.8,17.8,54.2,9.6,9.6,stocks/必选消费/HK_牧原股份(02714).md
必选消费,03288,海天味业,定量淘汰,ROE/PE<1,未进入定性复核,22.44,19.5,20.5,0.87,39.4,36.2,19.8,31.1,35.6,stocks/必选消费/HK_海天味业(03288).md
必选消费,06055,中烟香港,定量淘汰,最新毛利率<40%或未披露,未进入定性复核,15.28,29.5,29.5,1.93,10.1,10.1,57.1,16,15.5,stocks/必选消费/HK_中烟香港(06055).md
必选消费,06090,不同集团,定量淘汰,最新ROE<15%,未进入定性复核,52.82,12.4,-21.2,0.23,49.5,50.2,25,13.9,13.9,stocks/必选消费/HK_不同集团(06090).md
必选消费,06186,中国飞鹤,定量淘汰,最新ROE<15%,未进入定性复核,13,7.7,13.9,0.59,65,65,23.3,7.8,13.8,stocks/必选消费/HK_中国飞鹤(06186).md
必选消费,06603,IFBH,定量淘汰,最新毛利率<40%或未披露,未进入定性复核,9.18,20.8,68.3,2.27,32.9,34.8,14.6,82,138.4,stocks/必选消费/HK_IFBH(06603).md
必选消费,06808,高鑫零售,定量淘汰,无有效正PE（亏损或资料缺失）,未进入定性复核,-32.48,-1.7,-1.7,0.05,24.2,24.2,65.4,-0.7,-0.7,stocks/必选消费/HK_高鑫零售(06808).md
必选消费,06969,思摩尔国际,定量淘汰,最新ROE<15%,未进入定性复核,40.71,4.9,6,0.12,34.1,37.4,23.3,6.5,10.6,stocks/必选消费/HK_思摩尔国际(06969).md
必选消费,06979,珍酒李渡,定量淘汰,最新ROE<15%,未进入定性复核,44.68,3.9,9.9,0.09,58.5,58.5,32.4,3.8,10.6,stocks/必选消费/HK_珍酒李渡(06979).md
必选消费,06993,蓝月亮集团,定量淘汰,无有效正PE（亏损或资料缺失）,未进入定性复核,-55.36,-4.1,-4.1,0.07,59.7,60.6,19.6,-6.2,-6.2,stocks/必选消费/HK_蓝月亮集团(06993).md
必选消费,09633,农夫山泉,条件观察,,品牌、水源与渠道优势很强，创始人导向明确；但2025年资本开支约68亿元、约占收入12.9%，触及本筛选的高资本开支警戒线。,27.24,44.2,44.2,1.62,60.5,59.5,39.4,32.9,35.9,stocks/必选消费/HK_农夫山泉(09633).md
必选消费,09858,优然牧业,定量淘汰,无有效正PE（亏损或资料缺失）,未进入定性复核,-34.81,-3.9,-6,0.11,29.8,28.8,72.1,-1.1,-1.7,stocks/必选消费/HK_优然牧业(09858).md
必选消费,09980,东鹏饮料,定量淘汰,最新资产负债率>40%或未披露,未进入定性复核,15.46,51.6,47.5,3.34,44.1,44.1,64.7,24.6,24.6,stocks/必选消费/HK_东鹏饮料(09980).md
必选消费,09985,卫龙美味,通过初筛,,辣味零食主业集中，品牌、渠道和规模形成优势；派息、特别息及2026年回购体现股东导向，南宁基地约10亿元且分期投入，暂不构成高资本开支。,11.71,21.4,18.3,1.83,48,48,35.6,25,19.9,stocks/必选消费/HK_卫龙美味(09985).md
房地产,00004,九龙仓集团,定量淘汰,PE>57.81（高于10年期国债收益率倒数）,未进入定性复核,1177.79,0,0,0.00,65.4,64.2,23.2,0,0,stocks/房地产/HK_九龙仓集团(00004).md
房地产,00010,恒隆集团,定量淘汰,最新ROE<15%,未进入定性复核,13.48,1.4,1.7,0.10,65.6,65.6,34.3,0.8,1,stocks/房地产/HK_恒隆集团(00010).md
房地产,00012,恒基地产,定量淘汰,最新ROE<15%,未进入定性复核,23.64,1.8,1.9,0.08,31.9,36,36.8,1.1,1.3,stocks/房地产/HK_恒基地产(00012).md
房地产,00014,希慎兴业,定量淘汰,最新ROE<15%,未进入定性复核,57.68,0.5,0.1,0.01,80.2,80.7,34,0.3,0,stocks/房地产/HK_希慎兴业(00014).md
房地产,00016,新鸿基地产,定量淘汰,最新ROE<15%,未进入定性复核,16.2,3.1,3.2,0.19,42.9,45.1,23.8,2.4,2.4,stocks/房地产/HK_新鸿基地产(00016).md
房地产,00017,新世界发展,定量淘汰,无有效正PE（亏损或资料缺失）,未进入定性复核,-1.26,-9.5,-9.5,7.54,42,35.9,50.8,-4.5,-4.5,stocks/房地产/HK_新世界发展(00017).md
房地产,00041,鹰君,定量淘汰,无有效正PE（亏损或资料缺失）,未进入定性复核,-7.11,-3.1,-3.1,0.44,20.1,38.7,37.5,-1.9,-1.9,stocks/房地产/HK_鹰君(00041).md
房地产,00081,中国海外宏洋集团,定量淘汰,最新ROE<15%,未进入定性复核,26.59,1,3,0.04,8.7,8.7,67.9,0.3,0.9,stocks/房地产/HK_中国海外宏洋集团(00081).md
房地产,00083,信和置业,定量淘汰,最新ROE<15%,未进入定性复核,27.74,2.4,2.7,0.09,47.6,45.4,7.5,3,3.3,stocks/房地产/HK_信和置业(00083).md
房地产,00101,恒隆地产,定量淘汰,最新ROE<15%,未进入定性复核,21.49,1.4,1.6,0.07,65.6,65.6,35.2,0.9,1.1,stocks/房地产/HK_恒隆地产(00101).md
房地产,00119,保利置业集团,定量淘汰,最新ROE<15%,未进入定性复核,23.45,0.7,0.7,0.03,17,17,73.7,0.2,0.2,stocks/房地产/HK_保利置业集团(00119).md
房地产,00123,越秀地产,定量淘汰,PE>57.81（高于10年期国债收益率倒数）,未进入定性复核,242.33,0.1,1.9,0.00,7.8,10.5,71.4,0,0.3,stocks/房地产/HK_越秀地产(00123).md
房地产,00173,嘉华国际,定量淘汰,无有效正PE（亏损或资料缺失）,未进入定性复核,-7.25,-2.2,0.8,0.30,0.2,18.9,36.5,-1.5,0.6,stocks/房地产/HK_嘉华国际(00173).md
房地产,00588,北京北辰实业股份,定量淘汰,无有效正PE（亏损或资料缺失）,未进入定性复核,-0.7,-20.6,-16.7,29.43,-3.6,-3.6,69.8,-6.6,-5.8,stocks/房地产/HK_北京北辰实业股份(00588).md
房地产,00604,深圳控股,定量淘汰,无有效正PE（亏损或资料缺失）,未进入定性复核,-1.43,-11.8,-4.5,8.25,16.2,28.5,70,-3,-1.2,stocks/房地产/HK_深圳控股(00604).md
房地产,00683,嘉里建设,定量淘汰,最新ROE<15%,未进入定性复核,29.44,0.9,0.9,0.03,28.9,32.8,43.1,0.5,0.5,stocks/房地产/HK_嘉里建设(00683).md
房地产,00688,中国海外发展,定量淘汰,最新ROE<15%,未进入定性复核,10.4,3.3,4.1,0.32,15.5,17.7,54.1,1.6,2,stocks/房地产/HK_中国海外发展(00688).md
房地产,00817,中国金茂,定量淘汰,最新ROE<15%,未进入定性复核,13.24,2.3,2.3,0.17,15.5,14.6,72.9,0.4,0.3,stocks/房地产/HK_中国金茂(00817).md
房地产,00960,龙湖集团,定量淘汰,最新ROE<15%,未进入定性复核,41.66,0.6,6.6,0.01,9.7,16,60.2,0.2,1.9,stocks/房地产/HK_龙湖集团(00960).md
房地产,01030,新城发展,定量淘汰,最新ROE<15%,未进入定性复核,23.68,0.8,1.1,0.03,23.3,16.8,69.4,0.2,0.2,stocks/房地产/HK_新城发展(01030).md
房地产,01109,华润置地,定量淘汰,最新ROE<15%,未进入定性复核,8.43,9,9.5,1.07,21.2,21.6,61.1,3,3,stocks/房地产/HK_华润置地(01109).md
房地产,01113,长实集团,定量淘汰,最新ROE<15%,未进入定性复核,15.32,2.8,3.5,0.18,44.1,52.5,19.8,2.4,3,stocks/房地产/HK_长实集团(01113).md
房地产,01209,华润万象生活,定量淘汰,最新毛利率<40%或未披露,未进入定性复核,19.77,24.8,22.4,1.25,35.5,32.9,46,20.2,23.2,stocks/房地产/HK_华润万象生活(01209).md
房地产,01908,建发国际集团,定量淘汰,最新ROE<15%,未进入定性复核,8.23,9.2,13.5,1.12,13.9,13.3,73.9,1.3,1.6,stocks/房地产/HK_建发国际集团(01908).md
房地产,01918,融创中国,定量淘汰,无有效正PE（亏损或资料缺失）,未进入定性复核,-0.79,-33,-33,41.77,-1.4,-1.4,94.1,-1.5,-1.5,stocks/房地产/HK_融创中国(01918).md
房地产,01972,太古地产,定量淘汰,无有效正PE（亏损或资料缺失）,未进入定性复核,-83.68,-0.6,-0.3,0.01,66.4,70.5,23.2,-0.4,-0.2,stocks/房地产/HK_太古地产(01972).md
房地产,01997,九龙仓置业,定量淘汰,无有效正PE（亏损或资料缺失）,未进入定性复核,-17.72,-2.3,0.5,0.13,78.3,80.1,19,-1.9,0.4,stocks/房地产/HK_九龙仓置业(01997).md
房地产,02007,碧桂园,定量淘汰,最新ROE<15%,未进入定性复核,2.32,-81.1,-155.4,-34.96,-27.8,-23.3,94.6,0.4,-3,stocks/房地产/HK_碧桂园(02007).md
房地产,02202,万科企业,定量淘汰,无有效正PE（亏损或资料缺失）,未进入定性复核,-0.29,-55.4,-21.8,191.03,0.5,8.1,76.9,-9.3,-4.3,stocks/房地产/HK_万科企业(02202).md
房地产,02423,贝壳-W,定量淘汰,最新ROE<15%,未进入定性复核,36.87,4.3,5.7,0.12,21.4,24.6,43,2.6,3.7,stocks/房地产/HK_贝壳-W(02423).md
房地产,02602,万物云,定量淘汰,最新ROE<15%,未进入定性复核,26.18,4.4,6.8,0.17,12.2,13,58.3,2.8,4.9,stocks/房地产/HK_万物云(02602).md
房地产,02669,中海物业,定量淘汰,最新毛利率<40%或未披露,未进入定性复核,7.68,24.9,32.7,3.24,15,15.9,54.2,21.4,24.9,stocks/房地产/HK_中海物业(02669).md
房地产,02869,绿城服务,定量淘汰,最新ROE<15%,未进入定性复核,13.1,11.2,10.3,0.85,17.3,16.8,52.4,7.3,6.3,stocks/房地产/HK_绿城服务(02869).md
房地产,03380,龙光集团,定量淘汰,无有效正PE（亏损或资料缺失）,未进入定性复核,-1.5,-26,-26.4,17.33,-111.1,-21.8,89,-2.5,-2.9,stocks/房地产/HK_龙光集团(03380).md
房地产,03900,绿城中国,定量淘汰,PE>57.81（高于10年期国债收益率倒数）,未进入定性复核,232.97,0.2,4.4,0.00,11.9,12.8,76.5,0,0.4,stocks/房地产/HK_绿城中国(03900).md
房地产,06049,保利物业,定量淘汰,最新毛利率<40%或未披露,未进入定性复核,8.98,15.3,16,1.70,17.4,18.3,41.2,22.2,28.3,stocks/房地产/HK_保利物业(06049).md
房地产,06098,碧桂园服务,定量淘汰,最新ROE<15%,未进入定性复核,26.81,1.7,1.7,0.06,17.5,19.1,46.6,1.1,1.1,stocks/房地产/HK_碧桂园服务(06098).md
房地产,06666,恒大物业,定量淘汰,最新毛利率<40%或未披露,未进入定性复核,8.61,91.4,91.4,10.62,18.3,19.2,79.7,18.5,18.5,stocks/房地产/HK_恒大物业(06666).md
房地产,09993,金辉控股,定量淘汰,无有效正PE（亏损或资料缺失）,未进入定性复核,-0.58,-60.8,-47,104.83,-11,-11,79.8,-8.9,-8.9,stocks/房地产/HK_金辉控股(09993).md
工业,00001,长和,定量淘汰,最新ROE<15%,未进入定性复核,23.19,2.2,3.2,0.09,56,56.1,40.4,1.3,1.9,stocks/工业/HK_长和(00001).md
工业,00019,太古股份公司Ａ,定量淘汰,最新ROE<15%,未进入定性复核,23.86,1.1,1.6,0.05,37.3,37.2,33.6,0.7,1.1,stocks/工业/HK_太古股份公司Ａ(00019).md
工业,00038,第一拖拉机股份,定量淘汰,最新ROE<15%,未进入定性复核,10.18,10.9,13.2,1.07,15.1,15.1,45.5,6.6,8.3,stocks/工业/HK_第一拖拉机股份(00038).md
工业,00066,港铁公司,定量淘汰,最新ROE<15%,未进入定性复核,13.82,7.8,7.8,0.56,98.6,98.9,45.8,4.4,4.4,stocks/工业/HK_港铁公司(00066).md
工业,00087,太古股份公司Ｂ,定量淘汰,最新ROE<15%,未进入定性复核,13.24,1.1,1.6,0.08,37.3,37.2,33.6,0.7,1.1,stocks/工业/HK_太古股份公司Ｂ(00087).md
工业,00107,四川成渝高速公路,定量淘汰,最新ROE<15%,未进入定性复核,8.52,7.9,7.9,0.93,33.5,30.4,66.7,2.6,2.6,stocks/工业/HK_四川成渝高速公路(00107).md
工业,00142,第一太平,定量淘汰,最新毛利率<40%或未披露,未进入定性复核,4.41,15.9,15.8,3.61,36.5,36.3,57.2,3.8,3.5,stocks/工业/HK_第一太平(00142).md
工业,00144,招商局港口,定量淘汰,最新ROE<15%,未进入定性复核,9.59,6,6.3,0.63,48.7,46.4,28.4,4.5,4.5,stocks/工业/HK_招商局港口(00144).md
工业,00152,深圳国际,定量淘汰,最新ROE<15%,未进入定性复核,6.6,6.6,6.6,1.00,21,22.9,58.9,2,2,stocks/工业/HK_深圳国际(00152).md
工业,00177,江苏宁沪高速公路,定量淘汰,最新ROE<15%,未进入定性复核,9.23,11.5,13.4,1.25,30.1,30.1,43,5.7,6.2,stocks/工业/HK_江苏宁沪高速公路(00177).md
工业,00179,德昌电机控股,定量淘汰,最新ROE<15%,未进入定性复核,10.43,7.3,9.2,0.70,23,23,32.8,6.1,6.5,stocks/工业/HK_德昌电机控股(00179).md
工业,00187,京城机电股份,定量淘汰,无有效正PE（亏损或资料缺失）,未进入定性复核,-19.29,-5.5,-4.8,0.29,16.3,16.3,57,-2.5,-2.5,stocks/工业/HK_京城机电股份(00187).md
工业,00267,中信股份,定量淘汰,最新ROE<15%,未进入定性复核,5.26,7.6,8,1.44,,,88.5,0.5,0.6,stocks/工业/HK_中信股份(00267).md
工业,00293,国泰航空,定量淘汰,最新毛利率<40%或未披露,未进入定性复核,7.41,19.2,17.1,2.59,,,66,6.7,6,stocks/工业/HK_国泰航空(00293).md
工业,00316,东方海外国际,定量淘汰,最新ROE<15%,未进入定性复核,8.2,11.4,11.4,1.39,16.8,16.8,24.1,14.2,15.5,stocks/工业/HK_东方海外国际(00316).md
工业,00317,中船防务,定量淘汰,最新ROE<15%,未进入定性复核,11.61,5.6,2.2,0.48,10.1,7.8,61.3,2.7,1.1,stocks/工业/HK_中船防务(00317).md
工业,00363,上海实业控股,定量淘汰,最新ROE<15%,未进入定性复核,7.24,4.1,6,0.57,29.8,29.8,50.5,1.9,2.4,stocks/工业/HK_上海实业控股(00363).md
工业,00390,中国中铁,定量淘汰,最新ROE<15%,未进入定性复核,3.56,6.3,8.1,1.77,9,9.5,78.1,1.1,1.6,stocks/工业/HK_中国中铁(00390).md
工业,00470,先导智能,定量淘汰,最新ROE<15%,未进入定性复核,27.48,12.6,12.6,0.46,30.7,30.7,66.3,4.7,4.7,stocks/工业/HK_先导智能(00470).md
工业,00525,广深铁路股份,定量淘汰,最新ROE<15%,未进入定性复核,9.07,5.1,4.1,0.56,5.6,5.6,23.5,4.2,3,stocks/工业/HK_广深铁路股份(00525).md
工业,00548,深圳高速公路股份,定量淘汰,最新ROE<15%,未进入定性复核,12.68,4.7,5.2,0.37,30.3,31.6,55,1.9,1.9,stocks/工业/HK_深圳高速公路股份(00548).md
工业,00552,中国通信服务,定量淘汰,最新ROE<15%,未进入定性复核,7.12,7.7,8.2,1.08,11.3,11.6,64.1,3.2,3.6,stocks/工业/HK_中国通信服务(00552).md
工业,00564,中创智领,定量淘汰,最新毛利率<40%或未披露,未进入定性复核,5.34,18.7,18.6,3.50,22,22,52.1,9.7,9.3,stocks/工业/HK_中创智领(00564).md
工业,00568,山东墨龙,定量淘汰,PE>57.81（高于10年期国债收益率倒数）,未进入定性复核,771.2,1,-9.5,0.00,10,7.7,81.4,0.2,-1.7,stocks/工业/HK_山东墨龙(00568).md
工业,00576,浙江沪杭甬,定量淘汰,最新ROE<15%,未进入定性复核,6.81,11,12.8,1.62,34.3,40.1,68.3,2.8,3.4,stocks/工业/HK_浙江沪杭甬(00576).md
工业,00586,海螺创业,定量淘汰,最新ROE<15%,未进入定性复核,6.03,4.6,4.6,0.76,34.7,34.7,39.6,2.8,2.8,stocks/工业/HK_海螺创业(00586).md
工业,00598,中国外运,定量淘汰,最新ROE<15%,未进入定性复核,6.96,9.9,10.1,1.42,5.7,5.7,43.8,6.7,6.7,stocks/工业/HK_中国外运(00598).md
工业,00631,三一国际,定量淘汰,最新ROE<15%,未进入定性复核,13.18,14,14,1.06,22.3,22.4,70.7,4.8,4.8,stocks/工业/HK_三一国际(00631).md
工业,00636,嘉里物流联网,定量淘汰,最新ROE<15%,未进入定性复核,7.69,8.2,8.2,1.07,10.5,10.3,54,4.1,4.1,stocks/工业/HK_嘉里物流联网(00636).md
工业,00656,复星国际,定量淘汰,无有效正PE（亏损或资料缺失）,未进入定性复核,-1.32,-22.1,-3.6,16.74,50.6,44.5,76.5,-3.9,-0.7,stocks/工业/HK_复星国际(00656).md
工业,00659,周大福创建,定量淘汰,最新ROE<15%,未进入定性复核,15.62,5.7,4.9,0.36,27.7,24.4,76.9,1.5,1.6,stocks/工业/HK_周大福创建(00659).md
工业,00666,瑞浦兰钧,定量淘汰,最新ROE<15%,未进入定性复核,33.61,5.7,-10.8,0.17,11.2,4.1,74.5,1.6,-3.8,stocks/工业/HK_瑞浦兰钧(00666).md
工业,00669,创科实业,定量淘汰,ROE/PE<1,未进入定性复核,25.96,18,18,0.69,41.2,40.3,48.2,10.2,9.7,stocks/工业/HK_创科实业(00669).md
工业,00670,中国东方航空股份,定量淘汰,PE>57.81（高于10年期国债收益率倒数）,未进入定性复核,62.72,-3.9,-9.9,-0.06,5.8,4.2,86,-0.6,-1.5,stocks/工业/HK_中国东方航空股份(00670).md
工业,00696,中国民航信息网络,定量淘汰,最新ROE<15%,未进入定性复核,9.62,10.1,9.7,1.05,50.9,51.2,25.8,11.4,10.9,stocks/工业/HK_中国民航信息网络(00696).md
工业,00697,首程控股,定量淘汰,PE>57.81（高于10年期国债收益率倒数）,未进入定性复核,76.86,3,4.1,0.04,39.3,40.7,28.4,3.3,4.2,stocks/工业/HK_首程控股(00697).md
工业,00753,中国国航,定量淘汰,最新ROE<15%,未进入定性复核,38.11,-4.1,-3.4,-0.11,6.4,6.4,88.6,-0.5,-0.3,stocks/工业/HK_中国国航(00753).md
工业,00819,天能动力,定量淘汰,最新ROE<15%,未进入定性复核,3.42,8.6,8.6,2.51,9.8,7.1,63.2,3.3,3.3,stocks/工业/HK_天能动力(00819).md
工业,00995,安徽皖通高速公路,定量淘汰,最新ROE<15%,未进入定性复核,12.6,12.8,12.8,1.02,43.8,39.1,53.3,8.9,9.6,stocks/工业/HK_安徽皖通高速公路(00995).md
工业,01052,越秀交通基建,定量淘汰,最新ROE<15%,未进入定性复核,10.46,4.5,5.6,0.43,44.1,47.7,57.7,1.7,2.1,stocks/工业/HK_越秀交通基建(01052).md
工业,01055,中国南方航空股份,定量淘汰,最新ROE<15%,未进入定性复核,18.06,2.4,-4.9,0.13,28.3,26.4,84.2,0.3,-0.6,stocks/工业/HK_中国南方航空股份(01055).md
工业,01072,东方电气,定量淘汰,最新ROE<15%,未进入定性复核,15.92,9.1,9.1,0.57,15.9,15.9,70.4,3.1,3.1,stocks/工业/HK_东方电气(01072).md
工业,01081,大金重工,定量淘汰,最新ROE<15%,未进入定性复核,16.5,14.2,6.7,0.86,31.1,29.8,42.9,10.8,5.6,stocks/工业/HK_大金重工(01081).md
工业,01138,中远海能,定量淘汰,最新ROE<15%,未进入定性复核,11.56,9.8,10.2,0.85,25.8,27,46.1,5.5,5.5,stocks/工业/HK_中远海能(01138).md
工业,01157,中联重科,定量淘汰,最新ROE<15%,未进入定性复核,13.09,8.3,6.4,0.63,28,28,55,4.2,3.2,stocks/工业/HK_中联重科(01157).md
工业,01186,中国铁建,定量淘汰,最新ROE<15%,未进入定性复核,3.21,5.5,7,1.71,9.7,10.3,79.5,1.1,1.5,stocks/工业/HK_中国铁建(01186).md
工业,01196,伟禄集团,定量淘汰,无有效正PE（亏损或资料缺失）,未进入定性复核,-16.75,-37.2,-28.2,2.22,24,35.7,83.1,-4.9,-4.9,stocks/工业/HK_伟禄集团(01196).md
工业,01199,中远海运港口,定量淘汰,最新ROE<15%,未进入定性复核,8.4,5.1,5.3,0.61,24.9,27.7,41,3.1,3.2,stocks/工业/HK_中远海运港口(01199).md
工业,01308,海丰国际,定量淘汰,最新毛利率<40%或未披露,未进入定性复核,10.71,50.1,47.6,4.68,38.4,37.4,28.1,47.9,44.2,stocks/工业/HK_海丰国际(01308).md
工业,01333,博雷顿,定量淘汰,无有效正PE（亏损或资料缺失）,未进入定性复核,-13.54,-43.3,-34.2,3.20,11.1,5.8,64.1,-20.4,-24.5,stocks/工业/HK_博雷顿(01333).md
工业,01519,极兔速递-W,定量淘汰,PE>57.81（高于10年期国债收益率倒数）,未进入定性复核,60.86,6.6,6.6,0.11,12,10.5,67.7,3,1.8,stocks/工业/HK_极兔速递-W(01519).md
工业,01618,中国中冶,定量淘汰,最新ROE<15%,未进入定性复核,20.75,0.9,4.5,0.04,10.1,9.7,78.1,0.2,1,stocks/工业/HK_中国中冶(01618).md
工业,01766,中国中车,定量淘汰,最新ROE<15%,未进入定性复核,9.12,7.7,7.5,0.84,21.4,21.4,60.8,3.1,3.2,stocks/工业/HK_中国中车(01766).md
工业,01783,晋景新能,定量淘汰,PE>57.81（高于10年期国债收益率倒数）,未进入定性复核,191.55,8.4,-4.5,0.04,8,8,37.6,5.9,-2.1,stocks/工业/HK_晋景新能(01783).md
工业,01800,中国交通建设,定量淘汰,最新ROE<15%,未进入定性复核,4.01,4.8,7.8,1.20,11.1,12.1,76.8,0.9,1.6,stocks/工业/HK_中国交通建设(01800).md
工业,01882,海天国际,定量淘汰,最新毛利率<40%或未披露,未进入定性复核,8.94,15,15,1.68,32.7,32.5,35.4,11.6,12.1,stocks/工业/HK_海天国际(01882).md
工业,01919,中远海控,定量淘汰,最新ROE<15%,未进入定性复核,8.27,13.2,13.2,1.60,19.5,19.5,41.4,11.3,11.3,stocks/工业/HK_中远海控(01919).md
工业,02039,中集集团,定量淘汰,无有效正PE（亏损或资料缺失）,未进入定性复核,-292.51,0.4,0.9,-0.00,12.4,12.5,59.9,0.2,0.4,stocks/工业/HK_中集集团(02039).md
工业,02050,三花智控,定量淘汰,ROE/PE<1,未进入定性复核,23.71,15.9,16.7,0.67,28.4,27.4,35.1,12.5,12.4,stocks/工业/HK_三花智控(02050).md
工业,02057,中通快递-W,定量淘汰,最新ROE<15%,未进入定性复核,13.87,14.1,14.5,1.02,25,30.4,26.2,11.5,11.5,stocks/工业/HK_中通快递-W(02057).md
工业,02068,中铝国际,定量淘汰,最新ROE<15%,未进入定性复核,18.05,3.9,3.3,0.22,13.5,12.2,77.5,0.7,0.6,stocks/工业/HK_中铝国际(02068).md
工业,02155,森松国际,定量淘汰,最新ROE<15%,未进入定性复核,14.61,11.3,15.6,0.77,26.1,27.9,42.1,9.4,11.5,stocks/工业/HK_森松国际(02155).md
工业,02208,金风科技,定量淘汰,最新ROE<15%,未进入定性复核,11.8,6.8,4.9,0.58,14.1,14.1,71.7,1.9,1.4,stocks/工业/HK_金风科技(02208).md
工业,02338,潍柴动力,定量淘汰,最新ROE<15%,未进入定性复核,22.38,12.2,12.2,0.55,21.5,21.5,64.3,4.4,4.5,stocks/工业/HK_潍柴动力(02338).md
工业,02343,太平洋航运,定量淘汰,最新ROE<15%,未进入定性复核,37.6,3.2,5.9,0.09,3.6,5.2,19.9,2.8,5,stocks/工业/HK_太平洋航运(02343).md
工业,02357,中航科工,定量淘汰,最新ROE<15%,未进入定性复核,12.08,5.1,6.7,0.42,19.5,21.7,51.9,1.7,2.3,stocks/工业/HK_中航科工(02357).md
工业,02402,亿华通,定量淘汰,无有效正PE（亏损或资料缺失）,未进入定性复核,-4.64,-27.3,-16.3,5.88,21.1,21.1,41,-18,-11.8,stocks/工业/HK_亿华通(02402).md
工业,02432,越疆,定量淘汰,无有效正PE（亏损或资料缺失）,未进入定性复核,-118.07,-4.7,-14.2,0.04,46.1,46.1,15.5,-13,-15.4,stocks/工业/HK_越疆(02432).md
工业,02507,西锐,定量淘汰,最新毛利率<40%或未披露,未进入定性复核,13.06,16.7,19.2,1.28,35.2,34.5,39.5,14.8,14.8,stocks/工业/HK_西锐(02507).md
工业,02510,德翔海运,定量淘汰,最新毛利率<40%或未披露,未进入定性复核,5.61,16.1,16.1,2.87,19.7,19.7,13.8,17,17,stocks/工业/HK_德翔海运(02510).md
工业,02570,重塑能源,定量淘汰,无有效正PE（亏损或资料缺失）,未进入定性复核,-2.96,-31.4,-31.4,10.61,11.5,17.2,60.1,-15.5,-16.3,stocks/工业/HK_重塑能源(02570).md
工业,02582,国富氢能,定量淘汰,无有效正PE（亏损或资料缺失）,未进入定性复核,-3.4,-34.7,-27,10.21,1.1,10,59.2,-15.9,-10.5,stocks/工业/HK_国富氢能(02582).md
工业,02588,中银航空租赁,定量淘汰,最新ROE<15%,未进入定性复核,8.63,11.9,14,1.38,,,74,3.1,3.4,stocks/工业/HK_中银航空租赁(02588).md
工业,02590,极智嘉-W,定量淘汰,无有效正PE（亏损或资料缺失）,未进入定性复核,-1117.9,0.7,14.2,-0.00,35.5,34.8,40.4,-0.4,-33.5,stocks/工业/HK_极智嘉-W(02590).md
工业,02618,京东物流,定量淘汰,最新ROE<15%,未进入定性复核,11.5,12.1,12,1.05,9.1,9.1,52,7.4,7.4,stocks/工业/HK_京东物流(02618).md
工业,02650,挚达科技,定量淘汰,无有效正PE（亏损或资料缺失）,未进入定性复核,-32.33,-114.3,-114.3,3.54,15.2,15.2,78.3,-21.5,-21.5,stocks/工业/HK_挚达科技(02650).md
工业,02655,果下科技,定量淘汰,PE>57.81（高于10年期国债收益率倒数）,未进入定性复核,78.78,16.5,34.3,0.21,18.6,18.6,66.5,6.4,6.4,stocks/工业/HK_果下科技(02655).md
工业,02692,兆威机电,定量淘汰,最新ROE<15%,未进入定性复核,45.66,7.6,7.1,0.17,33.4,31.2,19.3,6.4,6.1,stocks/工业/HK_兆威机电(02692).md
工业,02715,埃斯顿,定量淘汰,PE>57.81（高于10年期国债收益率倒数）,未进入定性复核,133.02,2.2,2.2,0.02,29,29,78.6,0.5,0.5,stocks/工业/HK_埃斯顿(02715).md
工业,02727,上海电气,定量淘汰,最新ROE<15%,未进入定性复核,34.77,2.2,1.4,0.06,17.5,18.1,75.4,0.5,0.3,stocks/工业/HK_上海电气(02727).md
工业,02866,中远海发,定量淘汰,最新ROE<15%,未进入定性复核,6.93,5.3,5.3,0.76,18,18,76.3,1.4,1.4,stocks/工业/HK_中远海发(02866).md
工业,02880,辽港股份,定量淘汰,最新ROE<15%,未进入定性复核,9.82,3.3,3.3,0.34,28.6,27.7,23.5,2.7,2.7,stocks/工业/HK_辽港股份(02880).md
工业,03311,中国建筑国际,定量淘汰,最新ROE<15%,未进入定性复核,4.46,13,14.7,2.91,15.9,15.5,71.4,3.6,4.3,stocks/工业/HK_中国建筑国际(03311).md
工业,03339,中国龙工,定量淘汰,最新ROE<15%,未进入定性复核,9.27,11.7,9.8,1.26,21.4,19.6,32.1,10.9,8.3,stocks/工业/HK_中国龙工(03339).md
工业,03369,秦港股份,定量淘汰,最新ROE<15%,未进入定性复核,7.16,8.1,8.3,1.13,41.7,38.1,23,6.9,6.7,stocks/工业/HK_秦港股份(03369).md
工业,03396,联想控股,定量淘汰,最新ROE<15%,未进入定性复核,26.96,1.9,0.2,0.07,15.9,16.7,86,0.2,0,stocks/工业/HK_联想控股(03396).md
工业,03677,正力新能,定量淘汰,最新ROE<15%,未进入定性复核,15.58,11.6,1.7,0.74,18.4,14.6,61.8,5.4,0.7,stocks/工业/HK_正力新能(03677).md
工业,03750,宁德时代,定量淘汰,ROE/PE<1,未进入定性复核,32.35,24.7,24.7,0.76,26.3,24.4,61.9,13.5,11.6,stocks/工业/HK_宁德时代(03750).md
工业,03877,中国船舶租赁,定量淘汰,最新ROE<15%,未进入定性复核,7.43,12.6,15.7,1.70,,,65,4.5,4.6,stocks/工业/HK_中国船舶租赁(03877).md
工业,03898,时代电气,定量淘汰,最新ROE<15%,未进入定性复核,9.8,9.8,9.4,1.00,33.4,33.4,36.3,7.3,7.3,stocks/工业/HK_时代电气(03898).md
工业,03899,中集安瑞科,定量淘汰,最新ROE<15%,未进入定性复核,13,9.6,9.6,0.74,14,14.4,57.2,5.2,5.5,stocks/工业/HK_中集安瑞科(03899).md
工业,03931,中创新航,定量淘汰,最新ROE<15%,未进入定性复核,16.35,4.1,1.7,0.25,16.7,15.9,64,1.3,0.6,stocks/工业/HK_中创新航(03931).md
工业,03969,中国通号,定量淘汰,最新ROE<15%,未进入定性复核,8.33,7.5,7.5,0.90,28.9,28.9,55.7,4,3.7,stocks/工业/HK_中国通号(03969).md
工业,03996,中国能源建设,定量淘汰,最新ROE<15%,未进入定性复核,7.56,4.9,7.4,0.65,12.2,12.4,77.7,0.8,1.3,stocks/工业/HK_中国能源建设(03996).md
工业,06031,三一重工,定量淘汰,最新ROE<15%,未进入定性复核,19.9,10.5,8.5,0.53,27.7,26.7,48.4,6.3,4.5,stocks/工业/HK_三一重工(06031).md
工业,06198,青岛港,定量淘汰,最新ROE<15%,未进入定性复核,7.48,12,12.7,1.60,36.7,35.6,24.7,11.3,11.3,stocks/工业/HK_青岛港(06198).md
工业,06600,卧安机器人,定量淘汰,无有效正PE（亏损或资料缺失）,未进入定性复核,-464.4,-2.7,-2.7,0.01,54,51.7,23.5,-5.2,-5.2,stocks/工业/HK_卧安机器人(06600).md
工业,06936,顺丰控股,定量淘汰,最新ROE<15%,未进入定性复核,13.38,11.6,11,0.87,13.1,13.1,49,6.2,6,stocks/工业/HK_顺丰控股(06936).md
工业,07618,京东工业,定量淘汰,最新毛利率<40%或未披露,未进入定性复核,14.41,39.6,39.6,2.75,17.4,16.2,41.8,50.5,20.8,stocks/工业/HK_京东工业(07618).md
工业,09699,顺丰同城,定量淘汰,最新ROE<15%,未进入定性复核,24.08,8.9,4.5,0.37,6.3,6.4,40,7.3,4.7,stocks/工业/HK_顺丰同城(09699).md
工业,09880,优必选,定量淘汰,无有效正PE（亏损或资料缺失）,未进入定性复核,-54.77,-15.1,-55.2,0.28,37.7,31.5,28.5,-15.6,-28.6,stocks/工业/HK_优必选(09880).md
工业,09981,沃尔核材,定量淘汰,最新毛利率<40%或未披露,未进入定性复核,11.58,19,16.2,1.64,30.3,30.5,44.5,11.8,10.5,stocks/工业/HK_沃尔核材(09981).md
公用事业,00002,中电控股,定量淘汰,最新ROE<15%,未进入定性复核,18.57,9.9,9.9,0.53,33.5,32.7,50.8,4.7,4.7,stocks/公用事业/HK_中电控股(00002).md
公用事业,00003,香港中华煤气,定量淘汰,最新ROE<15%,未进入定性复核,22.6,9.7,9.7,0.43,15,14.7,56.4,4,4,stocks/公用事业/HK_香港中华煤气(00003).md
公用事业,00006,电能实业,定量淘汰,最新ROE<15%,未进入定性复核,19.96,7,7,0.35,,,7.7,6.7,6.7,stocks/公用事业/HK_电能实业(00006).md
公用事业,00257,光大环境,定量淘汰,最新ROE<15%,未进入定性复核,7.86,7.8,7.8,0.99,40.3,40.3,61.8,2.5,2.5,stocks/公用事业/HK_光大环境(00257).md
公用事业,00270,粤海投资,定量淘汰,最新ROE<15%,未进入定性复核,10.97,11,7.5,1.00,53.3,53.1,42.9,5.2,2.9,stocks/公用事业/HK_粤海投资(00270).md
公用事业,00371,北控水务集团,定量淘汰,最新ROE<15%,未进入定性复核,14.12,5,5.4,0.35,38.5,37,66,1.2,1.3,stocks/公用事业/HK_北控水务集团(00371).md
公用事业,00384,中国燃气,定量淘汰,最新ROE<15%,未进入定性复核,11.6,4.9,5.7,0.42,14.8,14.2,58.9,2,2.3,stocks/公用事业/HK_中国燃气(00384).md
公用事业,00392,北京控股,定量淘汰,最新ROE<15%,未进入定性复核,7.01,5.8,6.2,0.83,13.7,13.6,52.2,3,3.1,stocks/公用事业/HK_北京控股(00392).md
公用事业,00836,华润电力,定量淘汰,最新ROE<15%,未进入定性复核,6.86,13.8,13.8,2.01,55.1,50.4,67.4,4.1,4.1,stocks/公用事业/HK_华润电力(00836).md
公用事业,00855,中国水务,定量淘汰,最新ROE<15%,未进入定性复核,7.59,7,8.3,0.92,34.4,37.1,64.2,1.8,2.1,stocks/公用事业/HK_中国水务(00855).md
公用事业,00895,东江环保,定量淘汰,无有效正PE（亏损或资料缺失）,未进入定性复核,-1.27,-41.2,-19.9,32.44,0.9,4.3,71.5,-13.8,-8.1,stocks/公用事业/HK_东江环保(00895).md
公用事业,00902,华能国际电力股份,定量淘汰,最新ROE<15%,未进入定性复核,5.96,9.9,7.2,1.66,47.8,42.1,64.6,2.8,2,stocks/公用事业/HK_华能国际电力股份(00902).md
公用事业,00916,龙源电力,定量淘汰,最新ROE<15%,未进入定性复核,9.58,6.3,8.8,0.66,,82.3,66.6,1.9,2.8,stocks/公用事业/HK_龙源电力(00916).md
公用事业,00956,新天绿色能源,定量淘汰,最新ROE<15%,未进入定性复核,8.01,7.7,7.7,0.96,20.8,20.8,66.3,2.3,2.3,stocks/公用事业/HK_新天绿色能源(00956).md
公用事业,00991,大唐发电,定量淘汰,近3期ROE中位数<15%,未进入定性复核,6.22,18.6,10.6,2.99,50.7,43.5,70.1,2.3,1.3,stocks/公用事业/HK_大唐发电(00991).md
公用事业,01038,长江基建集团,定量淘汰,最新ROE<15%,未进入定性复核,18.78,6.6,6.6,0.35,3.3,16.9,17.1,5.7,5.7,stocks/公用事业/HK_长江基建集团(01038).md
公用事业,01065,天津创业环保股份,定量淘汰,最新ROE<15%,未进入定性复核,6.02,8.7,8.7,1.45,38.3,39,56.1,4.2,4.2,stocks/公用事业/HK_天津创业环保股份(01065).md
公用事业,01071,华电国际电力股份,定量淘汰,最新ROE<15%,未进入定性复核,7.14,8.7,8.1,1.22,11.4,26.8,61.4,2.8,2.8,stocks/公用事业/HK_华电国际电力股份(01071).md
公用事业,01083,港华智慧能源,定量淘汰,最新ROE<15%,未进入定性复核,7.87,6.4,6.9,0.81,6.6,8.4,49,3.2,3.4,stocks/公用事业/HK_港华智慧能源(01083).md
公用事业,01193,华润燃气,定量淘汰,最新ROE<15%,未进入定性复核,10.29,8.3,10,0.81,17.8,17.8,50.1,3.4,3.9,stocks/公用事业/HK_华润燃气(01193).md
公用事业,01330,绿色动力环保,定量淘汰,最新ROE<15%,未进入定性复核,10.81,7.6,7.6,0.70,46.7,45.4,60.4,3,3,stocks/公用事业/HK_绿色动力环保(01330).md
公用事业,01635,大众公用,定量淘汰,最新ROE<15%,未进入定性复核,22.72,4.8,2.8,0.21,14.6,14.6,54.8,2.3,1.3,stocks/公用事业/HK_大众公用(01635).md
公用事业,01735,中环新能源,定量淘汰,PE>57.81（高于10年期国债收益率倒数）,未进入定性复核,1011.59,2.6,10.8,0.00,1.9,2.1,69.7,0.7,3.2,stocks/公用事业/HK_中环新能源(01735).md
公用事业,01811,中广核新能源,定量淘汰,最新资产负债率>40%或未披露,未进入定性复核,4.64,15.8,15.8,3.41,68.7,61,77.8,3.2,3.2,stocks/公用事业/HK_中广核新能源(01811).md
公用事业,01816,中广核电力,定量淘汰,最新ROE<15%,未进入定性复核,13.59,7.8,9.3,0.57,32,34,65.2,2.5,3.1,stocks/公用事业/HK_中广核电力(01816).md
公用事业,02380,中国电力,定量淘汰,最新ROE<15%,未进入定性复核,10.98,5.1,5.3,0.46,,,67.9,1,1.2,stocks/公用事业/HK_中国电力(02380).md
公用事业,02688,新奥能源,定量淘汰,最新ROE<15%,未进入定性复核,7.36,12.7,13.6,1.73,11.9,12.2,49,6.5,6.8,stocks/公用事业/HK_新奥能源(02688).md
公用事业,03633,中裕能源,定量淘汰,最新ROE<15%,未进入定性复核,27.82,3.4,3.1,0.12,13.1,13.1,67.5,1.1,1,stocks/公用事业/HK_中裕能源(03633).md
公用事业,03868,信义能源,定量淘汰,最新ROE<15%,未进入定性复核,7.16,7.9,7.9,1.10,61.8,65.6,40.9,4.7,4.7,stocks/公用事业/HK_信义能源(03868).md
金融,00005,汇丰控股,定量淘汰,最新ROE<15%,未进入定性复核,16.39,11,12.4,0.67,,,93.6,0.7,0.8,stocks/金融/HK_汇丰控股(00005).md
金融,00023,东亚银行,定量淘汰,最新ROE<15%,未进入定性复核,10.34,3.4,4.2,0.33,,,88.5,0.4,0.5,stocks/金融/HK_东亚银行(00023).md
金融,00165,中国光大控股,定量淘汰,无有效正PE（亏损或资料缺失）,未进入定性复核,-4.94,-6.4,-5.9,1.30,,,56.4,-3.1,-2.8,stocks/金融/HK_中国光大控股(00165).md
金融,00290,国富量子,定量淘汰,无有效正PE（亏损或资料缺失）,未进入定性复核,-8.7,-39.2,-5.7,4.51,,,23.9,-32.3,-8.1,stocks/金融/HK_国富量子(00290).md
金融,00388,香港交易所,定量淘汰,最新毛利率<40%或未披露,未进入定性复核,26.84,31.7,24.8,1.18,,,89.9,5.5,5.5,stocks/金融/HK_香港交易所(00388).md
金融,00440,大新金融,定量淘汰,最新ROE<15%,未进入定性复核,6.66,5.7,5.1,0.86,,,82.8,0.8,0.7,stocks/金融/HK_大新金融(00440).md
金融,00939,建设银行,定量淘汰,最新ROE<15%,未进入定性复核,5.72,9.7,10.4,1.70,,,91.9,0.8,0.9,stocks/金融/HK_建设银行(00939).md
金融,00966,中国太平,定量淘汰,近3期ROE中位数<15%,未进入定性复核,2.91,27.3,9.3,9.38,,,91.7,1.5,0.5,stocks/金融/HK_中国太平(00966).md
金融,00998,中信银行,定量淘汰,最新ROE<15%,未进入定性复核,4.98,8.7,9.1,1.75,,,91.6,0.7,0.8,stocks/金融/HK_中信银行(00998).md
金融,01288,农业银行,定量淘汰,最新ROE<15%,未进入定性复核,6.04,9.2,9.4,1.52,,,93.4,0.7,0.7,stocks/金融/HK_农业银行(01288).md
金融,01299,友邦保险,定量淘汰,最新ROE<15%,未进入定性复核,16.38,14.9,14.9,0.91,,,87.4,2,2,stocks/金融/HK_友邦保险(01299).md
金融,01336,新华保险,定量淘汰,最新毛利率<40%或未披露,未进入定性复核,3.63,34.9,26.1,9.61,,,94.1,2.1,1.7,stocks/金融/HK_新华保险(01336).md
金融,01339,中国人民保险集团,定量淘汰,最新毛利率<40%或未披露,未进入定性复核,4.94,16,16,3.24,,,79.3,2.7,2.7,stocks/金融/HK_中国人民保险集团(01339).md
金融,01359,中国信达,定量淘汰,最新ROE<15%,未进入定性复核,9.58,1.8,1.8,0.19,,,87,0.2,0.2,stocks/金融/HK_中国信达(01359).md
金融,01375,中州证券,定量淘汰,最新ROE<15%,未进入定性复核,13.68,3.2,1.8,0.23,,,75,1.2,0.6,stocks/金融/HK_中州证券(01375).md
金融,01398,工商银行,定量淘汰,最新ROE<15%,未进入定性复核,5.9,9,9.5,1.53,,,92,0.8,0.8,stocks/金融/HK_工商银行(01398).md
金融,01428,耀才证券金融,定量淘汰,最新毛利率<40%或未披露,未进入定性复核,16.66,36.5,36.5,2.19,,,77.3,8.2,8.2,stocks/金融/HK_耀才证券金融(01428).md
金融,01456,国联民生,定量淘汰,最新ROE<15%,未进入定性复核,9.56,5.7,3.9,0.60,,,74,1.4,0.9,stocks/金融/HK_国联民生(01456).md
金融,01658,邮储银行,定量淘汰,最新ROE<15%,未进入定性复核,5.86,8,8.7,1.37,,,93.8,0.5,0.6,stocks/金融/HK_邮储银行(01658).md
金融,01776,广发证券,定量淘汰,最新ROE<15%,未进入定性复核,7.69,9,6.8,1.17,,,83.3,2,1.7,stocks/金融/HK_广发证券(01776).md
金融,01788,国泰君安国际,定量淘汰,最新ROE<15%,未进入定性复核,14.88,8.7,2.3,0.58,,,89.6,1,0.3,stocks/金融/HK_国泰君安国际(01788).md
金融,01828,富卫集团,定量淘汰,最新ROE<15%,未进入定性复核,46.61,1.5,-1.1,0.03,,,89,0.2,-0.2,stocks/金融/HK_富卫集团(01828).md
金融,01963,重庆银行,定量淘汰,最新ROE<15%,未进入定性复核,4.3,9.1,9.1,2.12,,,93.6,0.6,0.7,stocks/金融/HK_重庆银行(01963).md
金融,01988,民生银行,定量淘汰,最新ROE<15%,未进入定性复核,4.63,4.6,5.1,0.99,,,91,0.4,0.4,stocks/金融/HK_民生银行(01988).md
金融,02016,浙商银行,定量淘汰,最新ROE<15%,未进入定性复核,4.28,6.4,7.9,1.50,,,94,0.4,0.5,stocks/金融/HK_浙商银行(02016).md
金融,02318,中国平安,定量淘汰,最新ROE<15%,未进入定性复核,6.8,14,13.9,2.06,,,89.8,1.1,1.1,stocks/金融/HK_中国平安(02318).md
金融,02328,中国财险,定量淘汰,最新ROE<15%,未进入定性复核,7.45,14.8,13.1,1.99,,,66.4,5.1,4.5,stocks/金融/HK_中国财险(02328).md
金融,02356,大新银行集团,定量淘汰,最新ROE<15%,未进入定性复核,7.27,7.2,6.2,0.99,,,86.2,1,0.8,stocks/金融/HK_大新银行集团(02356).md
金融,02378,保诚,定量淘汰,近3期ROE中位数<15%,未进入定性复核,9.06,21.2,12.9,2.34,,,89.9,2.1,1.3,stocks/金融/HK_保诚(02378).md
金融,02388,中银香港,定量淘汰,最新ROE<15%,未进入定性复核,12.45,11.5,11.5,0.92,,,91.9,1.1,1.1,stocks/金融/HK_中银香港(02388).md
金融,02601,中国太保,定量淘汰,最新毛利率<40%或未披露,未进入定性复核,4.72,18,16.6,3.81,,,89.4,1.8,1.8,stocks/金融/HK_中国太保(02601).md
金融,02611,国泰海通,定量淘汰,最新ROE<15%,未进入定性复核,10.62,11.1,7.7,1.05,,,83.6,1.8,1.4,stocks/金融/HK_国泰海通(02611).md
金融,02628,中国人寿,定量淘汰,最新毛利率<40%或未披露,未进入定性复核,4.83,27.9,21.7,5.78,,,92,2.2,1.7,stocks/金融/HK_中国人寿(02628).md
金融,02685,量化派,定量淘汰,近3期ROE中位数<15%,未进入定性复核,42.7,98.5,-0.3,2.31,95.4,95.4,18.1,22.2,22.2,stocks/金融/HK_量化派(02685).md
金融,02691,南华期货股份,定量淘汰,最新ROE<15%,未进入定性复核,7.52,10,11.4,1.33,,,91.4,0.9,1.1,stocks/金融/HK_南华期货股份(02691).md
金融,02799,中信金融资产,定量淘汰,最新毛利率<40%或未披露,未进入定性复核,3.99,18.7,18.4,4.69,,,95,1.2,1.1,stocks/金融/HK_中信金融资产(02799).md
金融,02858,易鑫集团,定量淘汰,最新ROE<15%,未进入定性复核,7.9,7.2,5,0.91,55.9,48.6,68.8,2.5,1.9,stocks/金融/HK_易鑫集团(02858).md
金融,02888,渣打集团,定量淘汰,最新ROE<15%,未进入定性复核,12.37,9.7,8,0.78,,,94.1,0.6,0.5,stocks/金融/HK_渣打集团(02888).md
金融,03328,交通银行,定量淘汰,最新ROE<15%,未进入定性复核,5.8,7.9,8.4,1.36,,,91.8,0.7,0.7,stocks/金融/HK_交通银行(03328).md
金融,03360,远东宏信,定量淘汰,最新ROE<15%,未进入定性复核,7.42,7.7,7.8,1.04,,,83.7,1.2,1.2,stocks/金融/HK_远东宏信(03360).md
金融,03618,重庆农村商业银行,定量淘汰,最新ROE<15%,未进入定性复核,5.1,9,9.1,1.76,,,91.6,0.8,0.8,stocks/金融/HK_重庆农村商业银行(03618).md
金融,03678,弘业期货,定量淘汰,PE>57.81（高于10年期国债收益率倒数）,未进入定性复核,126.8,0.2,0.4,0.00,,,85.3,0.1,0.2,stocks/金融/HK_弘业期货(03678).md
金融,03698,徽商银行,定量淘汰,最新ROE<15%,未进入定性复核,3.44,10.2,10.3,2.97,,,92.6,0.8,0.9,stocks/金融/HK_徽商银行(03698).md
金融,03866,青岛银行,定量淘汰,最新ROE<15%,未进入定性复核,4.35,11.1,10.3,2.55,,,93.8,0.7,0.7,stocks/金融/HK_青岛银行(03866).md
金融,03908,中金公司,定量淘汰,最新ROE<15%,未进入定性复核,8.37,8.2,6,0.98,,,84.1,1.5,1.1,stocks/金融/HK_中金公司(03908).md
金融,03958,东方证券,定量淘汰,最新ROE<15%,未进入定性复核,7.21,6.9,4.2,0.96,,,83,1.4,1.1,stocks/金融/HK_东方证券(03958).md
金融,03968,招商银行,定量淘汰,最新ROE<15%,未进入定性复核,7.05,12,12.9,1.70,,,90.2,1.2,1.3,stocks/金融/HK_招商银行(03968).md
金融,03988,中国银行,定量淘汰,最新ROE<15%,未进入定性复核,6.01,8.3,8.7,1.38,,,91.6,0.7,0.7,stocks/金融/HK_中国银行(03988).md
金融,06030,中信证券,定量淘汰,最新ROE<15%,未进入定性复核,10.97,9.8,7.7,0.89,,,84.3,1.7,1.6,stocks/金融/HK_中信证券(06030).md
金融,06060,众安在线,定量淘汰,最新ROE<15%,未进入定性复核,15.04,4.8,4.8,0.32,,,45.5,2.5,2.5,stocks/金融/HK_众安在线(06060).md
金融,06066,中信建投证券,定量淘汰,最新ROE<15%,未进入定性复核,7.48,8.4,7.4,1.12,,,82.4,1.7,1.5,stocks/金融/HK_中信建投证券(06066).md
金融,06069,盛业,定量淘汰,最新ROE<15%,未进入定性复核,14.97,11.3,9.5,0.75,,97.8,61.9,4.6,3.6,stocks/金融/HK_盛业(06069).md
金融,06099,招商证券,定量淘汰,最新ROE<15%,未进入定性复核,8.92,9.2,8.2,1.03,,,81.7,2.1,1.8,stocks/金融/HK_招商证券(06099).md
金融,06178,光大证券,定量淘汰,最新ROE<15%,未进入定性复核,7.61,5.3,5.3,0.70,,,77.1,1.3,1.3,stocks/金融/HK_光大证券(06178).md
金融,06196,郑州银行,定量淘汰,最新ROE<15%,未进入定性复核,3.66,3.5,3.5,0.96,,,92.4,0.3,0.3,stocks/金融/HK_郑州银行(06196).md
金融,06806,申万宏源,定量淘汰,最新ROE<15%,未进入定性复核,5.81,8.8,5.1,1.51,,,81.1,1.5,0.9,stocks/金融/HK_申万宏源(06806).md
金融,06818,中国光大银行,定量淘汰,最新ROE<15%,未进入定性复核,4.25,6.5,7.3,1.53,,,91.5,0.6,0.6,stocks/金融/HK_中国光大银行(06818).md
金融,06881,中国银河,定量淘汰,最新ROE<15%,未进入定性复核,5.77,8.7,7.4,1.51,,,82.7,2,1.8,stocks/金融/HK_中国银河(06881).md
金融,06886,华泰证券,定量淘汰,最新ROE<15%,未进入定性复核,7.85,8.2,8.2,1.04,,,80.8,1.8,1.8,stocks/金融/HK_华泰证券(06886).md
金融,06963,阳光保险,定量淘汰,最新ROE<15%,未进入定性复核,6,10.5,8.9,1.75,,,90.4,1,1,stocks/金融/HK_阳光保险(06963).md
金融,09636,九方智投控股,定量淘汰,最新资产负债率>40%或未披露,未进入定性复核,14.02,40.3,18.7,2.87,82.2,82.2,42.6,39.2,16.5,stocks/金融/HK_九方智投控股(09636).md
可选消费,00027,银河娱乐,定量淘汰,最新ROE<15%,未进入定性复核,12.95,13.4,11.9,1.03,97.5,96.9,16.2,13.4,12,stocks/可选消费/HK_银河娱乐(00027).md
可选消费,00175,吉利汽车,定量淘汰,最新毛利率<40%或未披露,未进入定性复核,11.13,18.8,18.8,1.69,16.6,15.9,67.8,8.3,8.3,stocks/可选消费/HK_吉利汽车(00175).md
可选消费,00200,新濠国际发展,定量淘汰,近3期ROE中位数<15%,未进入定性复核,7.27,108.5,-142,14.92,,,88.3,1.6,-1.1,stocks/可选消费/HK_新濠国际发展(00200).md
可选消费,00300,美的集团,定量淘汰,最新毛利率<40%或未披露,未进入定性复核,14.42,20,20.3,1.39,26.2,26.2,61.2,8.2,8.2,stocks/可选消费/HK_美的集团(00300).md
可选消费,00303,伟易达集团,定量淘汰,最新毛利率<40%或未披露,未进入定性复核,12.98,20.8,24.3,1.60,32.7,31.5,50.2,13.3,16.2,stocks/可选消费/HK_伟易达集团(00303).md
可选消费,00308,香港中旅,定量淘汰,无有效正PE（亏损或资料缺失）,未进入定性复核,-22.38,-2.1,0.7,0.09,29.7,32.1,27.6,-1.7,0.5,stocks/可选消费/HK_香港中旅(00308).md
可选消费,00325,布鲁可,定量淘汰,近3期ROIC中位数<15%,未进入定性复核,17.35,99.9,25,5.76,46.8,47.3,30.4,58.5,-17,stocks/可选消费/HK_布鲁可(00325).md
可选消费,00425,敏实集团,定量淘汰,最新ROE<15%,未进入定性复核,10.84,12.3,12,1.13,28,28,42.3,7.4,6.8,stocks/可选消费/HK_敏实集团(00425).md
可选消费,00551,裕元集团,定量淘汰,最新ROE<15%,未进入定性复核,8.1,8.4,8.4,1.04,22.8,24.4,32.1,6.2,6.2,stocks/可选消费/HK_裕元集团(00551).md
可选消费,00590,六福集团,定量淘汰,最新ROE<15%,未进入定性复核,7,14.5,14.1,2.07,36.7,33.1,32.5,11.4,11.4,stocks/可选消费/HK_六福集团(00590).md
可选消费,00667,中国东方教育,定量淘汰,最新ROE<15%,未进入定性复核,10.84,12.7,9,1.17,55.3,51.4,39.8,10.7,8.1,stocks/可选消费/HK_中国东方教育(00667).md
可选消费,00699,均胜电子,定量淘汰,最新ROE<15%,未进入定性复核,12.61,8.7,8.4,0.69,18.3,16.2,65.3,2.5,2.4,stocks/可选消费/HK_均胜电子(00699).md
可选消费,00751,创维集团,定量淘汰,最新ROE<15%,未进入定性复核,21.6,2,3.1,0.09,12.8,13.5,69.9,0.6,1,stocks/可选消费/HK_创维集团(00751).md
可选消费,00780,同程旅行,定量淘汰,最新ROE<15%,未进入定性复核,10.76,11.1,10.5,1.03,66.3,66.3,43.8,7.5,7.2,stocks/可选消费/HK_同程旅行(00780).md
可选消费,00839,中教控股,定量淘汰,最新ROE<15%,未进入定性复核,5.94,6,6,1.01,53.3,55.4,51.8,3.2,3.2,stocks/可选消费/HK_中教控股(00839).md
可选消费,00880,澳博控股,定量淘汰,无有效正PE（亏损或资料缺失）,未进入定性复核,-20.14,-3.1,-3.1,0.15,97.3,97.3,73.1,-0.9,-0.9,stocks/可选消费/HK_澳博控股(00880).md
可选消费,00881,中升控股,定量淘汰,无有效正PE（亏损或资料缺失）,未进入定性复核,-5.47,-3.7,6.9,0.68,5.4,6.3,58,-2,3.8,stocks/可选消费/HK_中升控股(00881).md
可选消费,00921,海信家电,定量淘汰,最新毛利率<40%或未披露,未进入定性复核,8.69,19.4,22.6,2.23,21.3,21.3,69.2,5.1,5.7,stocks/可选消费/HK_海信家电(00921).md
可选消费,00999,小菜园,定性淘汰,,直营连锁餐厅需要持续开店、装修和供应链投入，属于门店重资产/高扩张资本开支模式。,9.98,29.8,38.9,2.99,70.4,68.5,35.7,23,26,stocks/可选消费/HK_小菜园(00999).md
可选消费,01057,浙江世宝,定量淘汰,最新ROE<15%,未进入定性复核,14.77,9,8.7,0.61,18.5,20.6,45.2,5.9,5.6,stocks/可选消费/HK_浙江世宝(01057).md
可选消费,01070,TCL电子,定量淘汰,最新ROE<15%,未进入定性复核,14.44,13.7,10.4,0.95,15.6,15.7,78.3,3.5,2.9,stocks/可选消费/HK_TCL电子(01070).md
可选消费,01114,华晨中国,定量淘汰,最新ROE<15%,未进入定性复核,4.59,8.4,8.4,1.83,13.8,17.7,7,11.4,15.1,stocks/可选消费/HK_华晨中国(01114).md
可选消费,01128,永利澳门,定量淘汰,最新ROE<15%,未进入定性复核,17.06,-12.2,-12.2,-0.72,,,133.3,5.3,5.3,stocks/可选消费/HK_永利澳门(01128).md
可选消费,01211,比亚迪股份,定量淘汰,ROE/PE<1,未进入定性复核,25.64,15.1,24,0.59,17.7,19.4,70.7,4.5,6.1,stocks/可选消费/HK_比亚迪股份(01211).md
可选消费,01316,耐世特,定量淘汰,最新ROE<15%,未进入定性复核,12.17,5,3.1,0.41,11.4,10.5,42.7,3.3,2,stocks/可选消费/HK_耐世特(01316).md
可选消费,01318,毛戈平,条件观察,,美妆主业、创始人品牌和高端专柜渠道均较清晰，资本开支不高；但上市时间短，尚不足以证明跨周期资本配置能力。,20.74,29.5,34.9,1.42,84.2,84.4,15.6,63.9,67,stocks/可选消费/HK_毛戈平(01318).md
可选消费,01361,361度,定量淘汰,最新ROE<15%,未进入定性复核,6.73,13.5,12.4,2.01,41.5,41.5,26.8,14.1,14.4,stocks/可选消费/HK_361度(01361).md
可选消费,01364,古茗,定量淘汰,最新毛利率<40%或未披露,未进入定性复核,14.25,78.8,78.8,5.53,33,31.3,64.9,36.1,39,stocks/可选消费/HK_古茗(01364).md
可选消费,01368,特步国际,定量淘汰,最新ROE<15%,未进入定性复核,6.78,14.5,14.1,2.14,42.8,42.8,39.6,10.6,9.2,stocks/可选消费/HK_特步国际(01368).md
可选消费,01405,达势股份,定量淘汰,最新ROE<15%,未进入定性复核,31.43,6.1,2.5,0.19,72.7,72.7,56.9,3.4,1.6,stocks/可选消费/HK_达势股份(01405).md
可选消费,01528,红星美凯龙,定量淘汰,无有效正PE（亏损或资料缺失）,未进入定性复核,-0.17,-66.9,-7,393.53,64.3,63.8,71.6,-24.4,-3,stocks/可选消费/HK_红星美凯龙(01528).md
可选消费,01585,雅迪控股,定量淘汰,最新毛利率<40%或未披露,未进入定性复核,9.82,30.3,30.3,3.09,19.1,16.9,65.1,14.6,14.6,stocks/可选消费/HK_雅迪控股(01585).md
可选消费,01691,JS环球生活,定量淘汰,无有效正PE（亏损或资料缺失）,未进入定性复核,-26.44,-4.6,1.2,0.17,32.2,32.2,58.4,-2.5,0.7,stocks/可选消费/HK_JS环球生活(01691).md
可选消费,01773,天立国际控股,定量淘汰,最新毛利率<40%或未披露,未进入定性复核,2.91,24.4,24.4,8.38,33.8,33.8,70.3,7.4,6.8,stocks/可选消费/HK_天立国际控股(01773).md
可选消费,01797,东方甄选,定量淘汰,PE>57.81（高于10年期国债收益率倒数）,未进入定性复核,63.93,0.1,43.7,0.00,32,32,16,0.2,67.6,stocks/可选消费/HK_东方甄选(01797).md
可选消费,01836,九兴控股,定量淘汰,最新ROE<15%,未进入定性复核,11.01,12.6,13.8,1.14,21.8,24.6,22.9,13.5,13.6,stocks/可选消费/HK_九兴控股(01836).md
可选消费,01880,中国中免,定量淘汰,最新ROE<15%,未进入定性复核,22.81,6.6,8,0.29,31.8,30.9,18.5,5.2,6,stocks/可选消费/HK_中国中免(01880).md
可选消费,01910,新秀丽,定量淘汰,最新资产负债率>40%或未披露,未进入定性复核,8.57,18.8,23.6,2.19,59.6,59.6,67.6,6.6,8,stocks/可选消费/HK_新秀丽(01910).md
可选消费,01928,金沙中国有限公司,定量淘汰,最新资产负债率>40%或未披露,未进入定性复核,15.28,73.7,73.7,4.82,98.5,98.7,86.7,9.8,9.8,stocks/可选消费/HK_金沙中国有限公司(01928).md
可选消费,01929,周大福,定量淘汰,最新毛利率<40%或未披露,未进入定性复核,13.52,31.4,22.7,2.32,32.3,29.5,62.8,12.5,8.4,stocks/可选消费/HK_周大福(01929).md
可选消费,01999,敏华控股,定量淘汰,最新ROE<15%,未进入定性复核,6.6,13.5,16.6,2.05,39.4,39.4,32.2,10.9,13.5,stocks/可选消费/HK_敏华控股(01999).md
可选消费,02015,理想汽车-W,定量淘汰,无有效正PE（亏损或资料缺失）,未进入定性复核,-47.49,1.6,12.3,-0.03,18.7,20.5,52.6,2.2,18.1,stocks/可选消费/HK_理想汽车-W(02015).md
可选消费,02020,安踏体育,定量淘汰,最新资产负债率>40%或未披露,未进入定性复核,14.08,21.3,23.8,1.51,62,62.2,41.7,17.2,23,stocks/可选消费/HK_安踏体育(02020).md
可选消费,02097,蜜雪集团,定量淘汰,最新毛利率<40%或未披露,未进入定性复核,12.46,29.9,34.8,2.40,31.1,31.1,19.6,32.6,38.7,stocks/可选消费/HK_蜜雪集团(02097).md
可选消费,02232,晶苑国际,定量淘汰,最新ROE<15%,未进入定性复核,9.4,14.3,13.5,1.52,19.9,19.7,26.2,12.9,12.9,stocks/可选消费/HK_晶苑国际(02232).md
可选消费,02238,广汽集团,定量淘汰,无有效正PE（亏损或资料缺失）,未进入定性复核,-2.26,-8,0.7,3.54,-5.6,2.3,49,-4.9,0.5,stocks/可选消费/HK_广汽集团(02238).md
可选消费,02255,海昌海洋公园,定量淘汰,无有效正PE（亏损或资料缺失）,未进入定性复核,-4.12,-42.8,-35.7,10.39,19.6,23,74,-9.6,-7.4,stocks/可选消费/HK_海昌海洋公园(02255).md
可选消费,02282,美高梅中国,定量淘汰,近3期ROE中位数<15%,未进入定性复核,7.59,268.9,-99.1,35.43,96.2,96.4,89.1,20.1,18.3,stocks/可选消费/HK_美高梅中国(02282).md
可选消费,02285,泉峰控股,定量淘汰,最新ROE<15%,未进入定性复核,12.48,9.5,9.5,0.76,32.9,32.9,44.8,6.2,6.2,stocks/可选消费/HK_泉峰控股(02285).md
可选消费,02313,申洲国际,定量淘汰,最新毛利率<40%或未披露,未进入定性复核,10.27,15.9,15.9,1.55,26.3,26.3,34.2,19.4,19.4,stocks/可选消费/HK_申洲国际(02313).md
可选消费,02331,李宁,定量淘汰,最新ROE<15%,未进入定性复核,11.7,10.9,11.9,0.93,49,49,26.7,14.7,13.3,stocks/可选消费/HK_李宁(02331).md
可选消费,02333,长城汽车,定量淘汰,最新ROE<15%,未进入定性复核,7.38,11.8,11.8,1.60,18,18.7,61,5.2,5.2,stocks/可选消费/HK_长城汽车(02333).md
可选消费,02473,喜相逢集团,定量淘汰,最新ROE<15%,未进入定性复核,17.92,5.4,5.4,0.30,25.7,29.9,77.1,1.4,1.4,stocks/可选消费/HK_喜相逢集团(02473).md
可选消费,02555,茶百道,定量淘汰,最新毛利率<40%或未披露,未进入定性复核,7.81,20.4,20.4,2.61,32.5,32.5,16.8,44.4,44.4,stocks/可选消费/HK_茶百道(02555).md
可选消费,02580,奥克斯电气,定量淘汰,最新毛利率<40%或未披露,未进入定性复核,6.59,32.4,72.1,4.92,18.8,21,68.3,9.8,16.3,stocks/可选消费/HK_奥克斯电气(02580).md
可选消费,02583,西普尼,定量淘汰,最新ROE<15%,未进入定性复核,24.07,12.1,9.4,0.50,31.5,27.2,19.3,10.7,7.6,stocks/可选消费/HK_西普尼(02583).md
可选消费,02589,沪上阿姨,定量淘汰,最新毛利率<40%或未披露,未进入定性复核,18.16,32.2,32.5,1.77,31.4,31.3,35.4,32.1,32.1,stocks/可选消费/HK_沪上阿姨(02589).md
可选消费,02643,曹操出行,定量淘汰,无有效正PE（亏损或资料缺失）,未进入定性复核,-11.73,11.7,19.1,-1.00,9.4,8.1,179.6,-16,-28.1,stocks/可选消费/HK_曹操出行(02643).md
可选消费,03306,江南布衣,定量淘汰,最新资产负债率>40%或未披露,未进入定性复核,9.59,39.4,39.4,4.11,65.6,65.6,46.8,27.7,27.7,stocks/可选消费/HK_江南布衣(03306).md
可选消费,03690,美团-W,定量淘汰,无有效正PE（亏损或资料缺失）,未进入定性复核,-11.23,-14.4,9.9,1.28,30.4,35.1,56.5,-9.5,5.7,stocks/可选消费/HK_美团-W(03690).md
可选消费,03808,中国重汽,定量淘汰,近3期ROE中位数<15%,未进入定性复核,13.88,16.3,14.4,1.17,15.1,15.6,65.2,6.5,6.2,stocks/可选消费/HK_中国重汽(03808).md
可选消费,03918,金界控股,定量淘汰,最新ROE<15%,未进入定性复核,6.46,13.6,9.2,2.11,81.3,81.2,13.3,13.1,7.4,stocks/可选消费/HK_金界控股(03918).md
可选消费,03998,波司登,定性淘汰,,羽绒服、贴牌加工和非羽绒服多线经营，历史上做过多元化，按严格口径淘汰。,12.48,22.7,22.9,1.82,57.2,57.3,37.5,17.8,17.9,stocks/可选消费/HK_波司登(03998).md
可选消费,06110,滔搏,定量淘汰,最新ROE<15%,未进入定性复核,6.28,14.3,14.3,2.28,38,38.4,38.7,11.4,11.4,stocks/可选消费/HK_滔搏(06110).md
可选消费,06168,周六福,定量淘汰,最新毛利率<40%或未披露,未进入定性复核,7.43,22.6,29.2,3.04,27.5,26.2,26.4,19.3,22.5,stocks/可选消费/HK_周六福(06168).md
可选消费,06181,老铺黄金,定量淘汰,最新毛利率<40%或未披露,未进入定性复核,13.27,64.8,54.2,4.88,37.6,41.2,47.8,39.3,38.3,stocks/可选消费/HK_老铺黄金(06181).md
可选消费,06690,海尔智家,定量淘汰,最新毛利率<40%或未披露,未进入定性复核,9.42,17,17,1.80,26.1,27.2,57.4,8.3,8.8,stocks/可选消费/HK_海尔智家(06690).md
可选消费,06862,海底捞,定量淘汰,最新资产负债率>40%或未披露,未进入定性复核,14,39.6,42.9,2.83,59.5,59.5,54.7,26.3,29.8,stocks/可选消费/HK_海底捞(06862).md
可选消费,09658,特海国际,定量淘汰,最新ROE<15%,未进入定性复核,31.1,9.7,9.7,0.31,66.4,66.4,47.5,8.1,5.7,stocks/可选消费/HK_特海国际(09658).md
可选消费,09690,途虎-W,定量淘汰,最新ROE<15%,未进入定性复核,22.47,8.5,8.5,0.38,24.1,24.7,62.6,3.7,4.7,stocks/可选消费/HK_途虎-W(09690).md
可选消费,09863,零跑汽车,定量淘汰,PE>57.81（高于10年期国债收益率倒数）,未进入定性复核,151.25,4.5,-25,0.03,14.5,8.4,77.5,1.4,-12.7,stocks/可选消费/HK_零跑汽车(09863).md
可选消费,09868,小鹏汽车-W,定量淘汰,无有效正PE（亏损或资料缺失）,未进入定性复核,-38.34,-3.7,-17.1,0.10,18.9,14.3,70.6,-1.8,-11.1,stocks/可选消费/HK_小鹏汽车-W(09868).md
可选消费,09896,名创优品,定量淘汰,最新ROE<15%,未进入定性复核,13.1,11.5,22.2,0.88,45,44.9,62.6,7.3,29.3,stocks/可选消费/HK_名创优品(09896).md
可选消费,09927,赛力斯,定量淘汰,最新毛利率<40%或未披露,未进入定性复核,11.28,22.4,22.4,1.99,26.9,23.8,70.9,7,7,stocks/可选消费/HK_赛力斯(09927).md
可选消费,09973,奇瑞汽车,定量淘汰,最新毛利率<40%或未披露,未进入定性复核,6.69,49.2,67.4,7.35,13.8,13.8,80.4,11,9.8,stocks/可选消费/HK_奇瑞汽车(09973).md
可选消费,09987,百胜中国,定量淘汰,最新毛利率<40%或未披露,未进入定性复核,15.49,16.7,15,1.08,21.7,20.7,43.4,9.6,9.2,stocks/可选消费/HK_百胜中国(09987).md
可选消费,09988,阿里巴巴-W,定量淘汰,最新ROE<15%,未进入定性复核,18.32,9.9,9.9,0.54,39.8,39.8,41,6.3,6.3,stocks/可选消费/HK_阿里巴巴-W(09988).md
可选消费,09992,泡泡玛特,通过初筛,,潮玩/IP运营主业可理解，艺术家/IP平台、产品开发和全球零售网络构成供给侧优势；创始人控股且分红提升，主题乐园与数字业务仍视为IP相邻延伸。,15.01,77.5,33.9,5.16,72.1,66.8,29.4,130.7,69.1,stocks/可选消费/HK_泡泡玛特(09992).md
能源,00135,昆仑能源,定量淘汰,最新ROE<15%,未进入定性复核,10.08,8,9.2,0.79,12.8,13.6,36,7.1,7.4,stocks/能源/HK_昆仑能源(00135).md
能源,00338,上海石油化工股份,定量淘汰,无有效正PE（亏损或资料缺失）,未进入定性复核,-9.33,-6.7,-5.3,0.72,-2.4,-1.7,41.7,-5.2,-3.8,stocks/能源/HK_上海石油化工股份(00338).md
能源,00386,中国石油化工股份,定量淘汰,最新ROE<15%,未进入定性复核,12.52,4,6,0.32,21.5,20.3,54.2,1.8,2.8,stocks/能源/HK_中国石油化工股份(00386).md
能源,00467,联合能源集团,定量淘汰,最新ROE<15%,未进入定性复核,8.68,8.4,8.4,0.97,17.6,18.8,54.8,4.6,4.6,stocks/能源/HK_联合能源集团(00467).md
能源,00639,首钢资源,定量淘汰,最新ROE<15%,未进入定性复核,18.75,3.8,9.1,0.20,21.4,51.2,17.1,5.4,12.6,stocks/能源/HK_首钢资源(00639).md
能源,00857,中国石油股份,定量淘汰,最新ROE<15%,未进入定性复核,10.17,10.1,11.1,0.99,33.5,34,36.4,6.7,7,stocks/能源/HK_中国石油股份(00857).md
能源,00883,中国海洋石油,定量淘汰,最新ROIC<15%或未披露,未进入定性复核,7.97,15.7,19.5,1.97,77.4,77.4,26.7,13.7,14.9,stocks/能源/HK_中国海洋石油(00883).md
能源,00934,中石化冠德,定量淘汰,最新ROE<15%,未进入定性复核,9.07,6.3,7.5,0.69,48.5,48.5,2.1,9.1,12,stocks/能源/HK_中石化冠德(00934).md
能源,00975,蒙古焦煤,定量淘汰,PE>57.81（高于10年期国债收益率倒数）,未进入定性复核,157.75,0.5,20.5,0.00,17.5,39.6,40.5,0.3,13.3,stocks/能源/HK_蒙古焦煤(00975).md
能源,01033,中石化油服,定量淘汰,最新ROE<15%,未进入定性复核,16.69,7.8,7.5,0.47,7.7,7.4,88,0.9,0.8,stocks/能源/HK_中石化油服(01033).md
能源,01088,中国神华,定量淘汰,最新ROE<15%,未进入定性复核,15.79,13,14.8,0.82,29.9,30.1,23.2,11.6,14.2,stocks/能源/HK_中国神华(01088).md
能源,01171,兖矿能源,定量淘汰,最新ROE<15%,未进入定性复核,10.86,9.1,17.2,0.84,25.2,33.6,62.2,2.7,4.7,stocks/能源/HK_兖矿能源(01171).md
能源,01277,力量发展,定量淘汰,最新ROE<15%,未进入定性复核,14.48,10.9,27.1,0.75,38.4,55.2,39.7,6.9,18.8,stocks/能源/HK_力量发展(01277).md
能源,01898,中煤能源,定量淘汰,最新ROE<15%,未进入定性复核,8.81,9.3,12.3,1.06,20.1,20.1,45.8,5.3,7.7,stocks/能源/HK_中煤能源(01898).md
能源,02386,中石化炼化工程,定量淘汰,最新ROE<15%,未进入定性复核,11.97,5.7,7.7,0.48,7.4,8.3,65.1,2.9,4.2,stocks/能源/HK_中石化炼化工程(02386).md
能源,02883,中海油田服务,定量淘汰,最新ROE<15%,未进入定性复核,7.88,8.5,7.4,1.08,,,44.2,5,4.2,stocks/能源/HK_中海油田服务(02883).md
能源,03668,兖煤澳大利亚,定量淘汰,最新ROE<15%,未进入定性复核,19.04,4.8,13.7,0.25,80,82.4,26,4.4,12.3,stocks/能源/HK_兖煤澳大利亚(03668).md
通信服务,00008,电讯盈科,定量淘汰,无有效正PE（亏损或资料缺失）,未进入定性复核,-175.47,139.8,-11.7,-0.80,46.5,49.1,93.5,-0.3,-0.4,stocks/通信服务/HK_电讯盈科(00008).md
通信服务,00136,中国儒意,定量淘汰,最新ROE<15%,未进入定性复核,11.82,8.9,7.3,0.75,35.4,35.4,21.2,8.7,4.9,stocks/通信服务/HK_中国儒意(00136).md
通信服务,00700,腾讯控股,定性淘汰,,游戏、社交、广告、支付、金融科技、云和投资并行，明确触发多元化不投。,15.26,21.1,21.1,1.38,56.2,52.9,39.1,15.2,15.2,stocks/通信服务/HK_腾讯控股(00700).md
通信服务,00728,中国电信,定量淘汰,最新ROE<15%,未进入定性复核,11.61,7.3,7.3,0.63,69.4,68.8,46.2,4.4,4.4,stocks/通信服务/HK_中国电信(00728).md
通信服务,00762,中国联通,定量淘汰,最新ROE<15%,未进入定性复核,8.92,5.7,5.7,0.64,69.6,69.7,44.6,3.4,3.4,stocks/通信服务/HK_中国联通(00762).md
通信服务,00772,阅文集团,定量淘汰,无有效正PE（亏损或资料缺失）,未进入定性复核,-22.51,-4.3,-1.1,0.19,46.1,48.1,18.8,-4.4,-1.1,stocks/通信服务/HK_阅文集团(00772).md
通信服务,00788,中国铁塔,定量淘汰,最新ROE<15%,未进入定性复核,11.91,5.8,5.4,0.49,92.9,92.8,39.4,3.6,3.3,stocks/通信服务/HK_中国铁塔(00788).md
通信服务,00811,新华文轩,定量淘汰,最新ROE<15%,未进入定性复核,6.55,10.5,11.2,1.60,35.6,36.7,33.2,11.4,12,stocks/通信服务/HK_新华文轩(00811).md
通信服务,00917,趣致集团,定量淘汰,近3期ROE中位数<15%,未进入定性复核,6.84,16.1,-27.2,2.35,57.3,56,26.1,23.8,17.6,stocks/通信服务/HK_趣致集团(00917).md
通信服务,00941,中国移动,定量淘汰,最新ROE<15%,未进入定性复核,11.32,9.7,10,0.86,58.2,58.4,32.7,7.2,7.5,stocks/通信服务/HK_中国移动(00941).md
通信服务,01024,快手-W,定量淘汰,最新资产负债率>40%或未披露,未进入定性复核,9.45,26.3,26.3,2.78,55,54.6,51.6,14.3,14.3,stocks/通信服务/HK_快手-W(01024).md
通信服务,01060,大麦娱乐,定量淘汰,最新ROE<15%,未进入定性复核,18.2,4.3,2.3,0.24,34.5,37,34,3.5,2.2,stocks/通信服务/HK_大麦娱乐(01060).md
通信服务,01310,香港宽频,定量淘汰,最新ROE<15%,未进入定性复核,41.8,8.5,0.4,0.20,36.3,36.3,86.8,1.3,0.1,stocks/通信服务/HK_香港宽频(01310).md
通信服务,01860,汇量科技,定量淘汰,近3期ROE中位数<15%,未进入定性复核,31.87,24.4,9,0.77,21.2,21,66.5,8.8,4.3,stocks/通信服务/HK_汇量科技(01860).md
通信服务,01883,中信国际电讯,定量淘汰,最新ROE<15%,未进入定性复核,10.5,8.5,8.5,0.81,37.6,37.6,34.4,6,6,stocks/通信服务/HK_中信国际电讯(01883).md
通信服务,01896,猫眼娱乐,定量淘汰,最新ROE<15%,未进入定性复核,9.18,6.1,6.1,0.66,43.3,43.3,27,5.5,5.5,stocks/通信服务/HK_猫眼娱乐(01896).md
通信服务,02400,心动公司,定性淘汰,,游戏研发与平台业务依赖内容命中率，历史盈利波动大，供给侧优势尚不能稳定验证。,12.11,48.5,38.4,4.00,73.8,69.4,22.5,137.3,81.8,stocks/通信服务/HK_心动公司(02400).md
通信服务,02603,吉宏股份,定量淘汰,最新ROE<15%,未进入定性复核,19.2,11.3,11.3,0.59,46.8,46.4,36.4,9.8,9.8,stocks/通信服务/HK_吉宏股份(02603).md
通信服务,03738,阜博集团,定量淘汰,最新ROE<15%,未进入定性复核,32.39,7.5,7,0.23,44.8,43.8,45,4.8,4.3,stocks/通信服务/HK_阜博集团(03738).md
通信服务,06683,巨星传奇,定量淘汰,无有效正PE（亏损或资料缺失）,未进入定性复核,-97.11,-2.9,6.8,0.03,38.8,56,16.9,-3,6.2,stocks/通信服务/HK_巨星传奇(06683).md
通信服务,09626,哔哩哔哩-W,定量淘汰,最新ROE<15%,未进入定性复核,36.55,8,-9.5,0.22,36.6,32.7,62.2,5.6,-6.8,stocks/通信服务/HK_哔哩哔哩-W(09626).md
通信服务,09890,贪玩,定量淘汰,近3期ROE中位数<15%,未进入定性复核,3.47,45.2,11.7,13.03,57.1,70.2,42,26.1,2.9,stocks/通信服务/HK_贪玩(09890).md
通信服务,09899,网易云音乐,定量淘汰,最新毛利率<40%或未披露,未进入定性复核,7.89,23.8,16.8,3.02,35.7,33.7,21.8,71.9,57.1,stocks/通信服务/HK_网易云音乐(09899).md
通信服务,09911,赤子城科技,定量淘汰,最新资产负债率>40%或未披露,未进入定性复核,12.68,47,47,3.71,55.8,52.1,41.4,61.3,61.3,stocks/通信服务/HK_赤子城科技(09911).md
通信服务,09999,网易,定性淘汰,,游戏、有道、云音乐、电商等多业务并行，触发多元化不投。,16.13,22.6,22.6,1.40,64.3,62.5,25.4,47.5,47.5,stocks/通信服务/HK_网易(09999).md
信息技术,00020,商汤-W,定量淘汰,无有效正PE（亏损或资料缺失）,未进入定性复核,-30.01,-7,-18.4,0.23,41,42.9,30.4,-7.4,-19,stocks/信息技术/HK_商汤-W(00020).md
信息技术,00268,金蝶国际,定量淘汰,PE>57.81（高于10年期国债收益率倒数）,未进入定性复核,254.3,1.1,-1.7,0.00,67.1,65.1,43.7,0.8,-1.4,stocks/信息技术/HK_金蝶国际(00268).md
信息技术,00285,比亚迪电子,定量淘汰,最新ROE<15%,未进入定性复核,16.08,10.5,13.8,0.65,6,6.9,58.8,4.6,5.3,stocks/信息技术/HK_比亚迪电子(00285).md
信息技术,00354,中国软件国际,定量淘汰,最新ROE<15%,未进入定性复核,27.64,2.8,4.4,0.10,20.4,22.1,36.9,2.1,3.7,stocks/信息技术/HK_中国软件国际(00354).md
信息技术,00501,豪威集团,定量淘汰,近3期ROE中位数<15%,未进入定性复核,25.81,15.4,14.5,0.60,30.6,28.2,35.4,13.6,11.5,stocks/信息技术/HK_豪威集团(00501).md
信息技术,00522,ASMPT,定量淘汰,PE>57.81（高于10年期国债收益率倒数）,未进入定性复核,69.35,5.6,4.6,0.08,37.8,39.3,34.5,4.6,3.6,stocks/信息技术/HK_ASMPT(00522).md
信息技术,00537,普源精电,定量淘汰,最新ROE<15%,未进入定性复核,48.34,2.7,3,0.06,52.8,53.4,11.8,2.6,2.9,stocks/信息技术/HK_普源精电(00537).md
信息技术,00553,南京熊猫电子股份,定量淘汰,PE>57.81（高于10年期国债收益率倒数）,未进入定性复核,80.49,0.3,-5.9,0.00,15.2,16.1,37.7,0.3,-4.4,stocks/信息技术/HK_南京熊猫电子股份(00553).md
信息技术,00638,广和通,定量淘汰,最新ROE<15%,未进入定性复核,27.38,7,19.8,0.26,16.4,18.2,35.3,5.4,9.6,stocks/信息技术/HK_广和通(00638).md
信息技术,00763,中兴通讯,定量淘汰,最新ROE<15%,未进入定性复核,25.43,7.6,12,0.30,30.3,37.9,65.3,3.2,5.9,stocks/信息技术/HK_中兴通讯(00763).md
信息技术,00800,文远知行-W,定量淘汰,无有效正PE（亏损或资料缺失）,未进入定性复核,-8.03,-22.1,-22.1,2.75,30.2,30.7,11.6,-69.3,-111.5,stocks/信息技术/HK_文远知行-W(00800).md
信息技术,00856,伟仕佳杰,定量淘汰,最新ROE<15%,未进入定性复核,10.36,14.4,12.5,1.39,4.5,4.5,75.8,3.8,3.2,stocks/信息技术/HK_伟仕佳杰(00856).md
信息技术,00909,明源云,定量淘汰,PE>57.81（高于10年期国债收益率倒数）,未进入定性复核,80.77,0.7,-3.9,0.01,78.4,78.4,14.8,1.5,-10.3,stocks/信息技术/HK_明源云(00909).md
信息技术,00981,中芯国际,定量淘汰,PE>57.81（高于10年期国债收益率倒数）,未进入定性复核,120.79,3.3,3.3,0.03,21,19.3,33,2.1,2.1,stocks/信息技术/HK_中芯国际(00981).md
信息技术,00992,联想集团,定量淘汰,最新毛利率<40%或未披露,未进入定性复核,20.48,27.9,23.8,1.36,15.4,16.1,85.2,4.2,3.8,stocks/信息技术/HK_联想集团(00992).md
信息技术,01304,FORTIOR,定量淘汰,最新ROE<15%,未进入定性复核,47.14,5.7,7.5,0.12,51.8,52.6,2.9,8.7,9.6,stocks/信息技术/HK_FORTIOR(01304).md
信息技术,01347,华虹半导体,定量淘汰,PE>57.81（高于10年期国债收益率倒数）,未进入定性复核,518.81,0.9,0.9,0.00,11.8,11.8,36.6,0.9,1.3,stocks/信息技术/HK_华虹半导体(01347).md
信息技术,01357,美图公司,定量淘汰,最新ROE<15%,未进入定性复核,28.88,10.9,10.9,0.38,73.6,68.7,39.3,12,12,stocks/信息技术/HK_美图公司(01357).md
信息技术,01377,鼎泰高科,定量淘汰,PE>57.81（高于10年期国债收益率倒数）,未进入定性复核,207.31,16.9,9.7,0.08,40.4,35.1,41.6,11.4,8.7,stocks/信息技术/HK_鼎泰高科(01377).md
信息技术,01384,滴普科技,定量淘汰,无有效正PE（亏损或资料缺失）,未进入定性复核,-11.8,65.7,41.1,-5.57,55.1,51.9,23.4,-304.6,-418.2,stocks/信息技术/HK_滴普科技(01384).md
信息技术,01385,上海复旦,定量淘汰,PE>57.81（高于10年期国债收益率倒数）,未进入定性复核,82.65,3.9,10.2,0.05,56.2,56.2,26.6,3.2,8.1,stocks/信息技术/HK_上海复旦(01385).md
信息技术,01415,高伟电子,定量淘汰,最新毛利率<40%或未披露,未进入定性复核,12.93,31.7,25.7,2.45,10.2,11.7,52.6,16.5,13.7,stocks/信息技术/HK_高伟电子(01415).md
信息技术,01478,丘钛科技,定量淘汰,近3期ROE中位数<15%,未进入定性复核,5.17,26,5.6,5.03,7.8,6.1,67.6,10.2,2.3,stocks/信息技术/HK_丘钛科技(01478).md
信息技术,01675,亚洲信息科技,定量淘汰,最新ROE<15%,未进入定性复核,34.34,1.7,7.9,0.05,34.1,37.4,33.3,1.3,6.3,stocks/信息技术/HK_亚洲信息科技(01675).md
信息技术,01686,新意网集团,定量淘汰,最新资产负债率>40%或未披露,未进入定性复核,11.07,18,18.6,1.63,56.7,56.3,76.8,4.1,4.1,stocks/信息技术/HK_新意网集团(01686).md
信息技术,01688,领益智造,定量淘汰,最新ROE<15%,未进入定性复核,23.77,10.4,10.4,0.44,15.2,15.2,57.9,5,5,stocks/信息技术/HK_领益智造(01688).md
信息技术,01729,汇聚科技,定量淘汰,ROE/PE<1,未进入定性复核,46.61,35.4,28.8,0.76,11.8,11.8,69.1,12.1,8.7,stocks/信息技术/HK_汇聚科技(01729).md
信息技术,01810,小米集团-W,定量淘汰,近3期ROE中位数<15%,未进入定性复核,17.18,18.3,13.4,1.07,22.3,21.2,47.6,10.9,8.3,stocks/信息技术/HK_小米集团-W(01810).md
信息技术,01989,广合科技,定量淘汰,ROE/PE<1,未进入定性复核,46.85,28.8,27.6,0.61,34.4,33.4,47.3,16.7,15.9,stocks/信息技术/HK_广合科技(01989).md
信息技术,02013,微盟集团,定量淘汰,无有效正PE（亏损或资料缺失）,未进入定性复核,-20.05,-10.6,-31.3,0.53,75.1,66.6,63.8,-4,-12.4,stocks/信息技术/HK_微盟集团(02013).md
信息技术,02018,瑞声科技,定量淘汰,最新ROE<15%,未进入定性复核,16.52,10.7,8.1,0.65,22.1,22.1,49.1,6.4,5.1,stocks/信息技术/HK_瑞声科技(02018).md
信息技术,02026,小马智行-W,定量淘汰,无有效正PE（亏损或资料缺失）,未进入定性复核,-21.35,-10.3,-18,0.48,15.7,15.7,5.7,-13.7,-33.1,stocks/信息技术/HK_小马智行-W(02026).md
信息技术,02038,富智康集团,定量淘汰,最新ROE<15%,未进入定性复核,34.97,3.5,-1.3,0.10,3.1,2.4,59.3,2.3,-0.9,stocks/信息技术/HK_富智康集团(02038).md
信息技术,02382,舜宇光学科技,定量淘汰,近3期ROE中位数<15%,未进入定性复核,12.39,17.2,11.4,1.39,19.7,18.3,49.7,10,6.6,stocks/信息技术/HK_舜宇光学科技(02382).md
信息技术,02431,佑驾创新,定量淘汰,无有效正PE（亏损或资料缺失）,未进入定性复核,-6.81,-35.5,-31.2,5.21,18.6,16,44.2,-36.4,-27.6,stocks/信息技术/HK_佑驾创新(02431).md
信息技术,02476,胜宏科技,定量淘汰,近3期ROE中位数<15%,未进入定性复核,44.65,33.8,13.9,0.76,35.2,22.7,52.9,17.1,6.6,stocks/信息技术/HK_胜宏科技(02476).md
信息技术,02477,经纬天地,定量淘汰,最新ROE<15%,未进入定性复核,54.52,7.4,14.1,0.14,,,35,6.2,10.6,stocks/信息技术/HK_经纬天地(02477).md
信息技术,02498,速腾聚创,定量淘汰,无有效正PE（亏损或资料缺失）,未进入定性复核,-87,-4.3,16,0.05,26.5,17.2,27.7,-7.1,-35.5,stocks/信息技术/HK_速腾聚创(02498).md
信息技术,02513,智谱,定量淘汰,无有效正PE（亏损或资料缺失）,未进入定性复核,-106.16,78,119.7,-0.73,41,56.3,267.1,-203.8,-159.1,stocks/信息技术/HK_智谱(02513).md
信息技术,02533,黑芝麻智能,定量淘汰,无有效正PE（亏损或资料缺失）,未进入定性复核,-5.2,-126.5,-6.3,24.33,41,41,56.2,-137.7,-137.7,stocks/信息技术/HK_黑芝麻智能(02533).md
信息技术,02556,迈富时,定量淘汰,PE>57.81（高于10年期国债收益率倒数）,未进入定性复核,112.51,7.1,19.5,0.06,42,53,63.5,3.5,-8.5,stocks/信息技术/HK_迈富时(02556).md
信息技术,02562,狮腾控股,定量淘汰,无有效正PE（亏损或资料缺失）,未进入定性复核,-2.4,-187.6,-187.6,78.17,24.8,27.8,45.1,-69.8,-49.5,stocks/信息技术/HK_狮腾控股(02562).md
信息技术,02577,英诺赛科,定量淘汰,无有效正PE（亏损或资料缺失）,未进入定性复核,-47.04,-23.4,-42.4,0.50,7.3,-19.5,40.4,-16.7,-23.8,stocks/信息技术/HK_英诺赛科(02577).md
信息技术,02586,多点数智,定量淘汰,ROE/PE<1,未进入定性复核,32.64,18.3,18.3,0.56,38.2,40.1,44.9,16.7,-82.5,stocks/信息技术/HK_多点数智(02586).md
信息技术,02631,天岳先进,定量淘汰,无有效正PE（亏损或资料缺失）,未进入定性复核,-107.46,-3.3,-0.9,0.03,9.7,14.6,25.1,-3.3,-0.8,stocks/信息技术/HK_天岳先进(02631).md
信息技术,02635,诺比侃,定量淘汰,最新ROE<15%,未进入定性复核,31.52,14.2,22.2,0.45,53.4,58.1,30.3,14.8,20.6,stocks/信息技术/HK_诺比侃(02635).md
信息技术,02665,图达通,定量淘汰,无有效正PE（亏损或资料缺失）,未进入定性复核,-1.24,70.8,51.5,-57.10,7.9,-8.7,82.9,-224.8,-224.8,stocks/信息技术/HK_图达通(02665).md
信息技术,02676,纳芯微,定量淘汰,无有效正PE（亏损或资料缺失）,未进入定性复核,-111.01,-3.4,-4.8,0.03,32,32,21.3,-3.3,-5.6,stocks/信息技术/HK_纳芯微(02676).md
信息技术,02687,卓越睿新,定量淘汰,PE>57.81（高于10年期国债收益率倒数）,未进入定性复核,70.28,17.1,23.5,0.24,65.5,61.9,24.3,17.3,19.3,stocks/信息技术/HK_卓越睿新(02687).md
信息技术,02701,国民技术,定量淘汰,无有效正PE（亏损或资料缺失）,未进入定性复核,-52.36,-12.1,-21.8,0.23,18.3,15.6,73.8,-3.5,-7.5,stocks/信息技术/HK_国民技术(02701).md
信息技术,02706,海致科技集团,定量淘汰,无有效正PE（亏损或资料缺失）,未进入定性复核,-58.94,14.7,14.7,-0.25,43.3,36.3,255.1,-43.2,-43.2,stocks/信息技术/HK_海致科技集团(02706).md
信息技术,02718,明略科技-W,定量淘汰,无有效正PE（亏损或资料缺失）,未进入定性复核,-2.41,316.9,-0.1,-131.49,55.4,51.6,28.6,-330.1,0.2,stocks/信息技术/HK_明略科技-W(02718).md
信息技术,02865,钧达股份,定量淘汰,无有效正PE（亏损或资料缺失）,未进入定性复核,-3.56,-37.5,-13.8,10.53,-6.8,-0.9,77.7,-10.4,-4.1,stocks/信息技术/HK_钧达股份(02865).md
信息技术,02889,博泰车联,定量淘汰,无有效正PE（亏损或资料缺失）,未进入定性复核,-18.26,-59.1,-50.5,3.24,12.4,12.4,63.1,-28.3,-19.2,stocks/信息技术/HK_博泰车联(02889).md
信息技术,02983,禾赛-W,定量淘汰,最新ROE<15%,未进入定性复核,35.53,6.8,-2.6,0.19,41.8,41.8,20.4,6.8,-2.8,stocks/信息技术/HK_禾赛-W(02983).md
信息技术,03200,大族数控,定量淘汰,最新ROE<15%,未进入定性复核,51.54,14.7,6.1,0.29,34.1,29.2,42.7,11.4,6.2,stocks/信息技术/HK_大族数控(03200).md
信息技术,03268,美格智能,定量淘汰,最新ROE<15%,未进入定性复核,37.23,8.7,8.7,0.23,13.6,16.5,42.6,5.6,5.6,stocks/信息技术/HK_美格智能(03268).md
信息技术,03296,华勤技术,定量淘汰,ROE/PE<1,未进入定性复核,24.67,16.9,16.3,0.69,7.7,9,72.6,5.5,5.6,stocks/信息技术/HK_华勤技术(03296).md
信息技术,03317,迅策,定量淘汰,无有效正PE（亏损或资料缺失）,未进入定性复核,-408.75,-4.8,-4.8,0.01,61.7,76.7,23.7,-5.5,-5.5,stocks/信息技术/HK_迅策(03317).md
信息技术,03393,威胜控股,定量淘汰,近3期ROE中位数<15%,未进入定性复核,17.6,18.1,13.3,1.03,35.7,35.6,52.7,9,6.8,stocks/信息技术/HK_威胜控股(03393).md
信息技术,03881,希迪智驾,定量淘汰,无有效正PE（亏损或资料缺失）,未进入定性复核,-7.43,-332.6,35,44.76,21.4,21.4,42,-80.6,-62.5,stocks/信息技术/HK_希迪智驾(03881).md
信息技术,03888,金山软件,定量淘汰,最新ROE<15%,未进入定性复核,10.72,8.3,7.1,0.77,81.2,82.4,17.5,21.2,17.1,stocks/信息技术/HK_金山软件(03888).md
信息技术,03896,金山云,定量淘汰,无有效正PE（亏损或资料缺失）,未进入定性复核,-21.45,-12.9,-27.7,0.60,15.7,15.7,65.2,-5.3,-14.5,stocks/信息技术/HK_金山云(03896).md
信息技术,03986,兆易创新,定量淘汰,PE>57.81（高于10年期国债收益率倒数）,未进入定性复核,136.76,9.3,7,0.07,39.1,35.7,10.2,15,11.5,stocks/信息技术/HK_兆易创新(03986).md
信息技术,06082,壁仞科技,定量淘汰,无有效正PE（亏损或资料缺失）,未进入定性复核,-5.82,105.5,33.9,-18.13,53.8,53.8,502.9,-567.4,-85.7,stocks/信息技术/HK_壁仞科技(06082).md
信息技术,06088,鸿腾精密,定量淘汰,最新ROE<15%,未进入定性复核,33.86,6.1,6.1,0.18,18.9,19.2,54.7,3.5,3.5,stocks/信息技术/HK_鸿腾精密(06088).md
信息技术,06166,剑桥科技,定量淘汰,PE>57.81（高于10年期国债收益率倒数）,未进入定性复核,84.21,5.4,5.4,0.06,22.3,21.5,36.5,4.6,3.8,stocks/信息技术/HK_剑桥科技(06166).md
信息技术,06613,蓝思科技,定量淘汰,最新ROE<15%,未进入定性复核,29.81,7.8,7.6,0.26,14.9,14.9,34.7,5.6,5.3,stocks/信息技术/HK_蓝思科技(06613).md
信息技术,06651,五一视界,定量淘汰,无有效正PE（亏损或资料缺失）,未进入定性复核,-131.36,-37.6,-37.6,0.29,30,51.1,44.7,-36.1,-22.7,stocks/信息技术/HK_五一视界(06651).md
信息技术,06682,第四范式,定量淘汰,无有效正PE（亏损或资料缺失）,未进入定性复核,-547.45,-0.4,-5.2,0.00,34.8,42.7,19.3,-0.4,-5,stocks/信息技术/HK_第四范式(06682).md
信息技术,06687,聚水潭,定量淘汰,无有效正PE（亏损或资料缺失）,未进入定性复核,-2.91,137,18.8,-47.08,73.6,68.5,71.1,-142.6,-51.6,stocks/信息技术/HK_聚水潭(06687).md
信息技术,06809,澜起科技,定量淘汰,PE>57.81（高于10年期国债收益率倒数）,未进入定性复核,147.05,18.4,13.1,0.13,62.2,58.9,6.4,41.2,26.8,stocks/信息技术/HK_澜起科技(06809).md
信息技术,06869,长飞光纤光缆,定量淘汰,PE>57.81（高于10年期国债收益率倒数）,未进入定性复核,86.99,6.4,6.4,0.07,30.7,27.3,51.1,3.2,3.2,stocks/信息技术/HK_长飞光纤光缆(06869).md
信息技术,09611,龙旗科技,定量淘汰,最新ROE<15%,未进入定性复核,22.82,10.2,10.6,0.45,8.5,8.5,77.7,2.8,2.8,stocks/信息技术/HK_龙旗科技(09611).md
信息技术,09660,地平线机器人-W,定量淘汰,无有效正PE（亏损或资料缺失）,未进入定性复核,-5.7,-85.3,-36.8,14.96,64.5,70.5,58.7,-141.5,-141.5,stocks/信息技术/HK_地平线机器人-W(09660).md
信息技术,09678,云知声,定量淘汰,无有效正PE（亏损或资料缺失）,未进入定性复核,-14.47,32,18,-2.21,36.1,38.8,55.6,-30.5,-53.7,stocks/信息技术/HK_云知声(09678).md
信息技术,09903,天数智芯,定量淘汰,无有效正PE（亏损或资料缺失）,未进入定性复核,-155.4,-66,-99.9,0.42,54,49.5,39.8,-53.1,-66.1,stocks/信息技术/HK_天数智芯(09903).md
医疗保健,00013,和黄医药,定量淘汰,最新毛利率<40%或未披露,未进入定性复核,4.37,45.7,15,10.46,38.7,44.6,28.6,32.9,12,stocks/医疗保健/HK_和黄医药(00013).md
医疗保健,00241,阿里健康,定量淘汰,最新ROE<15%,未进入定性复核,24.93,11.3,9.3,0.45,24,24,22.7,14.6,12.2,stocks/医疗保健/HK_阿里健康(00241).md
医疗保健,00460,四环医药,定量淘汰,最新ROE<15%,未进入定性复核,41.28,3.5,-1.2,0.08,68.8,68.8,40.7,2.7,-0.7,stocks/医疗保健/HK_四环医药(00460).md
医疗保健,00512,远大医药,定量淘汰,最新ROE<15%,未进入定性复核,15.16,7.4,12.8,0.49,55.2,57.9,36.8,5,9,stocks/医疗保健/HK_远大医药(00512).md
医疗保健,00570,中国中药,定量淘汰,无有效正PE（亏损或资料缺失）,未进入定性复核,-18.75,-1.6,0.3,0.09,48.1,48.1,28.8,-1.3,0.2,stocks/医疗保健/HK_中国中药(00570).md
医疗保健,00719,山东新华制药股份,定量淘汰,最新ROE<15%,未进入定性复核,14.69,5.7,9.8,0.39,18.8,24.1,40.6,3.8,6.4,stocks/医疗保健/HK_山东新华制药股份(00719).md
医疗保健,00853,微创医疗,定量淘汰,最新ROE<15%,未进入定性复核,35.7,6.1,-31.4,0.17,57.4,56,59.4,2,-9.2,stocks/医疗保健/HK_微创医疗(00853).md
医疗保健,00867,康哲药业,定量淘汰,最新ROE<15%,未进入定性复核,18.27,8.8,10.2,0.48,71.5,72.6,8.6,9.7,11.7,stocks/医疗保健/HK_康哲药业(00867).md
医疗保健,00874,白云山,定量淘汰,最新ROE<15%,未进入定性复核,7.73,8.1,8.1,1.05,16.2,16.7,52.6,4.6,4.8,stocks/医疗保健/HK_白云山(00874).md
医疗保健,01066,威高股份,定量淘汰,最新ROE<15%,未进入定性复核,8.41,6.7,8.9,0.80,47.6,50.2,28.4,6.3,8.1,stocks/医疗保健/HK_威高股份(01066).md
医疗保健,01093,石药集团,定量淘汰,最新ROE<15%,未进入定性复核,25.93,11.9,13.2,0.46,65.6,70,26,10.9,13.1,stocks/医疗保健/HK_石药集团(01093).md
医疗保健,01099,国药控股,定量淘汰,最新ROE<15%,未进入定性复核,6.55,8.8,9.2,1.34,7.2,7.6,65.6,2.5,2.5,stocks/医疗保健/HK_国药控股(01099).md
医疗保健,01177,中国生物制药,定量淘汰,最新ROE<15%,未进入定性复核,37.95,7.5,7.7,0.20,82.1,81.5,44.6,4.8,5.2,stocks/医疗保健/HK_中国生物制药(01177).md
医疗保健,01187,可孚医疗,定量淘汰,最新ROE<15%,未进入定性复核,19.21,7.7,6.4,0.40,51.7,50.6,26,7.1,6.2,stocks/医疗保健/HK_可孚医疗(01187).md
医疗保健,01276,恒瑞医药,定量淘汰,最新ROE<15%,未进入定性复核,41.5,14.4,14.4,0.35,86.2,86.2,11.6,29,26.8,stocks/医疗保健/HK_恒瑞医药(01276).md
医疗保健,01302,先健科技,定量淘汰,最新ROE<15%,未进入定性复核,38.49,4.2,6.5,0.11,74.4,75.3,30.7,3.5,5.8,stocks/医疗保健/HK_先健科技(01302).md
医疗保健,01349,复旦张江,定量淘汰,无有效正PE（亏损或资料缺失）,未进入定性复核,-14.59,-7.1,1.7,0.49,89.9,91.4,11.5,-11.4,2.5,stocks/医疗保健/HK_复旦张江(01349).md
医疗保健,01513,丽珠医药,定量淘汰,最新ROE<15%,未进入定性复核,10.35,14.6,14.6,1.41,65.9,65.5,35.2,15.8,15.8,stocks/医疗保健/HK_丽珠医药(01513).md
医疗保健,01530,三生制药,定量淘汰,近3期ROE中位数<15%,未进入定性复核,4.61,39.8,14.2,8.63,92.4,86,16,46.7,11.1,stocks/医疗保健/HK_三生制药(01530).md
医疗保健,01548,金斯瑞生物科技,定量淘汰,无有效正PE（亏损或资料缺失）,未进入定性复核,-8.07,-12.9,-8,1.60,57.7,48.8,18.3,-11.3,-10.3,stocks/医疗保健/HK_金斯瑞生物科技(01548).md
医疗保健,01681,康臣药业,定性淘汰,,中成药、对比剂等多产品线涉及临床、监管和疗效判断，产品复杂度超出口径。,9.42,25,23.6,2.65,78,75.6,24.5,44,49.2,stocks/医疗保健/HK_康臣药业(01681).md
医疗保健,01789,爱康医疗,定量淘汰,最新ROE<15%,未进入定性复核,16.7,12.2,10.9,0.73,60.5,60.5,20.5,11.4,9.8,stocks/医疗保健/HK_爱康医疗(01789).md
医疗保健,01801,信达生物,定量淘汰,PE>57.81（高于10年期国债收益率倒数）,未进入定性复核,179.84,5,-0.7,0.03,86.5,84,48.2,4.8,-0.8,stocks/医疗保健/HK_信达生物(01801).md
医疗保健,01833,平安好医生,定量淘汰,最新ROE<15%,未进入定性复核,33.15,5.6,1,0.17,32.4,32.3,25.1,3.2,0.7,stocks/医疗保健/HK_平安好医生(01833).md
医疗保健,01858,春立医疗,定量淘汰,最新ROE<15%,未进入定性复核,10.69,9.4,9.4,0.88,66,66.6,18.4,11.9,11.5,stocks/医疗保健/HK_春立医疗(01858).md
医疗保健,01877,君实生物,定量淘汰,无有效正PE（亏损或资料缺失）,未进入定性复核,-28.34,-14.1,-19.7,0.50,79.1,74.4,51,-9.3,-16.4,stocks/医疗保健/HK_君实生物(01877).md
医疗保健,01951,锦欣生殖,定量淘汰,无有效正PE（亏损或资料缺失）,未进入定性复核,-5.63,-10.1,2.8,1.79,33.5,39.1,34.1,-7.1,2,stocks/医疗保健/HK_锦欣生殖(01951).md
医疗保健,01952,云顶新耀,定量淘汰,无有效正PE（亏损或资料缺失）,未进入定性复核,-27.65,-6.4,-15.9,0.23,69.3,72.7,22.4,-8,-20.1,stocks/医疗保健/HK_云顶新耀(01952).md
医疗保健,02005,石四药集团,定量淘汰,最新ROE<15%,未进入定性复核,14.99,6.5,15,0.43,41.6,50.4,40.5,4.3,10.1,stocks/医疗保健/HK_石四药集团(02005).md
医疗保健,02096,先声药业,定量淘汰,近3期ROE中位数<15%,未进入定性复核,22.85,16.2,10.3,0.71,81.6,80.2,36.1,13,8.4,stocks/医疗保健/HK_先声药业(02096).md
医疗保健,02157,乐普生物-B,定量淘汰,近3期ROE中位数<15%,未进入定性复核,29.99,25,-2.5,0.83,90.4,87.5,56,12.5,-1.2,stocks/医疗保健/HK_乐普生物-B(02157).md
医疗保健,02158,医渡科技,定量淘汰,PE>57.81（高于10年期国债收益率倒数）,未进入定性复核,59.82,1.9,-3,0.03,36.4,36.4,14.2,4.1,-8.6,stocks/医疗保健/HK_医渡科技(02158).md
医疗保健,02162,康诺亚-B,定量淘汰,无有效正PE（亏损或资料缺失）,未进入定性复核,-43.47,-19.9,-18.9,0.46,87.7,89.6,34.2,-24.7,-30.9,stocks/医疗保健/HK_康诺亚-B(02162).md
医疗保健,02171,科济药业-B,定量淘汰,无有效正PE（亏损或资料缺失）,未进入定性复核,-80.4,-10.6,-35,0.13,63.6,50.5,39.7,-53.4,-165.8,stocks/医疗保健/HK_科济药业-B(02171).md
医疗保健,02172,微创脑科学,定量淘汰,最新ROE<15%,未进入定性复核,24.46,10.5,10.5,0.43,73.5,73.5,14.9,12.6,13.4,stocks/医疗保健/HK_微创脑科学(02172).md
医疗保健,02186,绿叶制药,定量淘汰,最新ROE<15%,未进入定性复核,12.36,4.1,4.1,0.33,66,66.7,44.1,2.6,2.6,stocks/医疗保健/HK_绿叶制药(02186).md
医疗保健,02192,医脉通,定量淘汰,最新ROE<15%,未进入定性复核,15.12,6.9,6.7,0.46,60,60,4.5,17.9,37.2,stocks/医疗保健/HK_医脉通(02192).md
医疗保健,02196,复星医药,定量淘汰,最新ROE<15%,未进入定性复核,11.08,7,6,0.63,49.9,47.8,48.5,3.6,3.1,stocks/医疗保健/HK_复星医药(02196).md
医疗保健,02228,晶泰控股,定量淘汰,PE>57.81（高于10年期国债收益率倒数）,未进入定性复核,222.07,1.9,30.4,0.01,69.7,46.3,7.7,2.8,-60.3,stocks/医疗保健/HK_晶泰控股(02228).md
医疗保健,02252,微创机器人-B,定量淘汰,无有效正PE（亏损或资料缺失）,未进入定性复核,-81.04,-72.5,-104.5,0.89,48.4,33.5,70,-35.8,-79.1,stocks/医疗保健/HK_微创机器人-B(02252).md
医疗保健,02268,药明合联,定量淘汰,ROE/PE<1,未进入定性复核,42.65,17.1,17.1,0.40,36,30.6,25.7,22.4,22.4,stocks/医疗保健/HK_药明合联(02268).md
医疗保健,02269,药明生物,定量淘汰,最新ROE<15%,未进入定性复核,29.71,11,9,0.37,46,41,16.7,11.4,8,stocks/医疗保健/HK_药明生物(02269).md
医疗保健,02273,固生堂,定量淘汰,近3期ROE中位数<15%,未进入定性复核,16.6,15.5,13.1,0.93,31.2,30.1,45.3,12.9,13.4,stocks/医疗保健/HK_固生堂(02273).md
医疗保健,02276,康耐特光学,定量淘汰,近3期毛利率中位数<40%,未进入定性复核,23.72,25.8,25.8,1.09,42,38.6,22.6,23.2,23.2,stocks/医疗保健/HK_康耐特光学(02276).md
医疗保健,02291,心泰医疗,定量淘汰,最新ROE<15%,未进入定性复核,16.8,11.9,11.9,0.71,84.7,88.6,3,25.2,25.2,stocks/医疗保健/HK_心泰医疗(02291).md
医疗保健,02315,百奥赛图-B,定量淘汰,PE>57.81（高于10年期国债收益率倒数）,未进入定性复核,69.62,11.5,4.1,0.17,75.8,75.8,41.5,8.4,1.7,stocks/医疗保健/HK_百奥赛图-B(02315).md
医疗保健,02359,药明康德,定性淘汰,,一体化新药研发与生产服务专业复杂，且实验室/产能投入较重。,20.49,27.7,21,1.35,47,40.8,22.2,29.8,18.5,stocks/医疗保健/HK_药明康德(02359).md
医疗保健,02410,同源康医药-B,定量淘汰,无有效正PE（亏损或资料缺失）,未进入定性复核,-9.16,-79.3,55,8.66,,13.1,63.2,-69.4,-90.6,stocks/医疗保健/HK_同源康医药-B(02410).md
医疗保健,02493,迈威生物-B,定量淘汰,无有效正PE（亏损或资料缺失）,未进入定性复核,-10.05,-101.1,-50.3,10.06,90.5,90.5,88.3,-32.6,-35.3,stocks/医疗保健/HK_迈威生物-B(02493).md
医疗保健,02506,讯飞医疗科技,定量淘汰,无有效正PE（亏损或资料缺失）,未进入定性复核,-116.95,-7.1,-18.4,0.06,50.5,55.1,59,-4,-11,stocks/医疗保健/HK_讯飞医疗科技(02506).md
医疗保健,02565,派格生物医药-B,定量淘汰,无有效正PE（亏损或资料缺失）,未进入定性复核,-12.05,-83.2,-113.9,6.90,,,25.1,-131.8,-120.5,stocks/医疗保健/HK_派格生物医药-B(02565).md
医疗保健,02575,轩竹生物-B,定量淘汰,无有效正PE（亏损或资料缺失）,未进入定性复核,-22.52,-21.1,-24.5,0.94,64.5,64.5,16.5,-24,-25,stocks/医疗保健/HK_轩竹生物-B(02575).md
医疗保健,02587,健康之路,定量淘汰,ROE/PE<1,未进入定性复核,31.48,22.1,22.1,0.70,30.5,30.5,59.8,15.1,-97.5,stocks/医疗保健/HK_健康之路(02587).md
医疗保健,02591,银诺医药-B,定量淘汰,无有效正PE（亏损或资料缺失）,未进入定性复核,-10.18,-36.9,-36.9,3.62,89,89,32.9,-79.4,-79.4,stocks/医疗保健/HK_银诺医药-B(02591).md
医疗保健,02595,劲方医药-B,定量淘汰,无有效正PE（亏损或资料缺失）,未进入定性复核,-7.24,2533.4,47,-349.92,64.2,80.8,17.4,-1078.3,-325.9,stocks/医疗保健/HK_劲方医药-B(02595).md
医疗保健,02607,上海医药,定量淘汰,最新ROE<15%,未进入定性复核,6.71,7.8,6.5,1.16,10.7,11.1,61.5,3.2,2.7,stocks/医疗保健/HK_上海医药(02607).md
医疗保健,02609,佰泽医疗,定量淘汰,无有效正PE（亏损或资料缺失）,未进入定性复核,-269.29,-1,-1.2,0.00,17,17,36.6,-0.7,-0.7,stocks/医疗保健/HK_佰泽医疗(02609).md
医疗保健,02617,药捷安康-B,定量淘汰,无有效正PE（亏损或资料缺失）,未进入定性复核,-13.77,-62.9,-42,4.57,,,23.7,-506.5,-121.9,stocks/医疗保健/HK_药捷安康-B(02617).md
医疗保健,02637,海西新药,定量淘汰,PE>57.81（高于10年期国债收益率倒数）,未进入定性复核,71.68,16.6,28.8,0.23,83.4,83.3,13.7,20,27.1,stocks/医疗保健/HK_海西新药(02637).md
医疗保健,02652,长风药业,定量淘汰,PE>57.81（高于10年期国债收益率倒数）,未进入定性复核,2348.94,0.2,2.3,0.00,75.8,80.9,17.3,0.2,1.9,stocks/医疗保健/HK_长风药业(02652).md
医疗保健,02656,健康160,定量淘汰,无有效正PE（亏损或资料缺失）,未进入定性复核,-43.32,-94.9,51.6,2.19,26.1,25.8,69.2,-24,-50.8,stocks/医疗保健/HK_健康160(02656).md
医疗保健,02659,宝济药业-B,定量淘汰,无有效正PE（亏损或资料缺失）,未进入定性复核,-13.21,-30.6,-30.6,2.32,89,89,28.2,-43.6,-43.6,stocks/医疗保健/HK_宝济药业-B(02659).md
医疗保健,02661,轻松健康,定量淘汰,无有效正PE（亏损或资料缺失）,未进入定性复核,-3.16,351.1,-0.9,-111.11,34.6,38.3,15.9,-135.2,2.9,stocks/医疗保健/HK_轻松健康(02661).md
医疗保健,02666,环球医疗,定量淘汰,最新ROE<15%,未进入定性复核,4.01,11.8,12.4,2.94,33.7,33.6,70.3,2.8,2.8,stocks/医疗保健/HK_环球医疗(02666).md
医疗保健,02675,精锋医疗-B,定量淘汰,无有效正PE（亏损或资料缺失）,未进入定性复核,-143.46,-7.2,-14.8,0.05,66,61.3,13.5,-7,-15.2,stocks/医疗保健/HK_精锋医疗-B(02675).md
医疗保健,02877,神威药业,定量淘汰,最新ROE<15%,未进入定性复核,6.5,12.2,12.2,1.88,72.3,75,25.2,25.4,25.4,stocks/医疗保健/HK_神威药业(02877).md
医疗保健,03320,华润医药,定量淘汰,最新ROE<15%,未进入定性复核,6.69,8.1,8.1,1.21,16.5,15.8,58.9,2,2,stocks/医疗保健/HK_华润医药(03320).md
医疗保健,03347,泰格医药,定量淘汰,最新ROE<15%,未进入定性复核,37.84,4.3,4.3,0.11,27.4,34,14.5,3.8,3.8,stocks/医疗保健/HK_泰格医药(03347).md
医疗保健,03613,同仁堂国药,定量淘汰,最新ROE<15%,未进入定性复核,14.1,9.6,12.6,0.68,61.2,66.1,6.3,16.7,22.4,stocks/医疗保健/HK_同仁堂国药(03613).md
医疗保健,03692,翰森制药,定量淘汰,ROE/PE<1,未进入定性复核,32.32,17.3,16.1,0.54,90,90,11.4,63.9,44.5,stocks/医疗保健/HK_翰森制药(03692).md
医疗保健,03696,英矽智能,定量淘汰,无有效正PE（亏损或资料缺失）,未进入定性复核,-9.89,332.5,38.5,-33.62,81.5,81.5,7.7,-614.3,-614.3,stocks/医疗保健/HK_英矽智能(03696).md
医疗保健,03759,康龙化成,定量淘汰,最新ROE<15%,未进入定性复核,22.84,11.6,13.7,0.51,34.5,34.5,41.9,7,8.3,stocks/医疗保健/HK_康龙化成(03759).md
医疗保健,03933,联邦制药,定量淘汰,最新ROE<15%,未进入定性复核,7.76,13.1,19.6,1.69,41.7,44.2,43.4,10.5,14.7,stocks/医疗保健/HK_联邦制药(03933).md
医疗保健,06078,海吉亚医疗,定量淘汰,最新ROE<15%,未进入定性复核,34.17,2.5,9.3,0.07,25.5,29.9,36.4,1.6,5.8,stocks/医疗保健/HK_海吉亚医疗(06078).md
医疗保健,06127,昭衍新药,定量淘汰,最新ROE<15%,未进入定性复核,33.54,3.6,3.6,0.11,17,25,14,3.8,3.8,stocks/医疗保健/HK_昭衍新药(06127).md
医疗保健,06160,百济神州,定量淘汰,PE>57.81（高于10年期国债收益率倒数）,未进入定性复核,74.96,7.5,-18.8,0.10,87.5,84.5,46.7,8.3,-21.8,stocks/医疗保健/HK_百济神州(06160).md
医疗保健,06185,康希诺生物,定量淘汰,无有效正PE（亏损或资料缺失）,未进入定性复核,-5304.35,0.6,-7.4,-0.00,75.4,70.4,31,0.5,-6.1,stocks/医疗保健/HK_康希诺生物(06185).md
医疗保健,06618,京东健康,定量淘汰,最新ROE<15%,未进入定性复核,17.44,9.3,8,0.53,24.8,22.9,26.4,15.7,12.5,stocks/医疗保健/HK_京东健康(06618).md
医疗保健,06681,脑动极光-B,定量淘汰,无有效正PE（亏损或资料缺失）,未进入定性复核,-6.51,171.9,50.3,-26.41,40.7,44.2,87,-112.4,-103,stocks/医疗保健/HK_脑动极光-B(06681).md
医疗保健,06699,时代天使,定量淘汰,PE>57.81（高于10年期国债收益率倒数）,未进入定性复核,62.01,5.8,2.6,0.09,62.9,62.6,34,8,3.8,stocks/医疗保健/HK_时代天使(06699).md
医疗保健,06821,凯莱英,定量淘汰,最新ROE<15%,未进入定性复核,34.95,6.6,6.6,0.19,41.6,41.6,13,8.3,8.3,stocks/医疗保健/HK_凯莱英(06821).md
医疗保健,06826,昊海生物科技,定量淘汰,最新ROE<15%,未进入定性复核,14.38,4.6,7.5,0.32,70,70,16.6,6.1,10.3,stocks/医疗保健/HK_昊海生物科技(06826).md
医疗保健,06855,亚盛医药-B,定量淘汰,无有效正PE（亏损或资料缺失）,未进入定性复核,-10.15,-156.5,-249.8,15.42,91.5,91.5,66.3,-87.8,-67.7,stocks/医疗保健/HK_亚盛医药-B(06855).md
医疗保健,06955,博安生物,定量淘汰,PE>57.81（高于10年期国债收益率倒数）,未进入定性复核,389.48,0.3,0.3,0.00,71.7,71.7,33.6,0.3,0.3,stocks/医疗保健/HK_博安生物(06955).md
医疗保健,06990,科伦博泰生物-B,定量淘汰,无有效正PE（亏损或资料缺失）,未进入定性复核,-291.64,-9.3,-9.3,0.03,71.9,65.9,18.7,-13.5,-13.5,stocks/医疗保健/HK_科伦博泰生物-B(06990).md
医疗保健,09606,映恩生物-B,定量淘汰,无有效正PE（亏损或资料缺失）,未进入定性复核,-7.48,-1282.1,37.8,171.40,31.8,40.4,37.7,-393.9,-196.6,stocks/医疗保健/HK_映恩生物-B(09606).md
医疗保健,09688,再鼎医药,定量淘汰,无有效正PE（亏损或资料缺失）,未进入定性复核,-13.3,-22.6,-31.4,1.70,58.5,62.9,39,-28.6,-52.4,stocks/医疗保健/HK_再鼎医药(09688).md
医疗保健,09887,维立志博-B,定量淘汰,无有效正PE（亏损或资料缺失）,未进入定性复核,-56.42,-27.6,46.6,0.49,,64.1,28.9,-79.7,-121.2,stocks/医疗保健/HK_维立志博-B(09887).md
医疗保健,09926,康方生物,定量淘汰,无有效正PE（亏损或资料缺失）,未进入定性复核,-74.6,-14,-8.9,0.19,78.7,86.4,44.1,-16.9,-9.2,stocks/医疗保健/HK_康方生物(09926).md
医疗保健,09969,诺诚健华,定量淘汰,最新ROE<15%,未进入定性复核,31.06,8.9,-6.4,0.29,92,86.3,28.4,18.6,-18.3,stocks/医疗保健/HK_诺诚健华(09969).md
医疗保健,09989,海普瑞,定量淘汰,最新ROE<15%,未进入定性复核,14.91,2.9,2.9,0.19,30.8,30.8,27.4,2.3,2.3,stocks/医疗保健/HK_海普瑞(09989).md
医疗保健,09995,荣昌生物,定量淘汰,近3期ROE中位数<15%,未进入定性复核,33.68,25.4,-35.9,0.75,86.9,80,50.2,13.1,-30.8,stocks/医疗保健/HK_荣昌生物(09995).md
原材料,00148,建滔集团,定量淘汰,最新ROE<15%,未进入定性复核,13.86,7.1,3.4,0.51,17.5,19.1,32.8,4.8,2.3,stocks/原材料/HK_建滔集团(00148).md
原材料,00189,东岳集团,定量淘汰,最新ROE<15%,未进入定性复核,12.18,12.4,6,1.02,30.8,21.6,14.4,12.7,5.3,stocks/原材料/HK_东岳集团(00189).md
原材料,00297,中化化肥,定量淘汰,最新ROE<15%,未进入定性复核,6.55,11.6,10.5,1.77,12.4,12,51.4,6.9,6,stocks/原材料/HK_中化化肥(00297).md
原材料,00323,马鞍山钢铁股份,定量淘汰,无有效正PE（亏损或资料缺失）,未进入定性复核,-510.88,-0.9,-4.7,0.00,5.3,1.6,55.7,-0.3,-1.7,stocks/原材料/HK_马鞍山钢铁股份(00323).md
原材料,00347,鞍钢股份,定量淘汰,无有效正PE（亏损或资料缺失）,未进入定性复核,-1.95,-8.9,-8.9,4.56,-1.3,-1.3,53.2,-4.4,-4.4,stocks/原材料/HK_鞍钢股份(00347).md
原材料,00358,江西铜业股份,定量淘汰,最新ROE<15%,未进入定性复核,13.18,9.3,9.5,0.71,4.1,3.1,57,4.2,4.6,stocks/原材料/HK_江西铜业股份(00358).md
原材料,00826,天工国际,定量淘汰,最新ROE<15%,未进入定性复核,19.19,5.5,5.3,0.29,20.2,20.4,42.3,3.5,3.4,stocks/原材料/HK_天工国际(00826).md
原材料,00868,信义玻璃,定量淘汰,最新ROE<15%,未进入定性复核,13.16,7.7,10.1,0.59,31.1,31.1,22.6,6,7.1,stocks/原材料/HK_信义玻璃(00868).md
原材料,00914,海螺水泥,定量淘汰,最新ROE<15%,未进入定性复核,10.12,4.5,4.5,0.44,23,20.7,20.4,4.6,4.8,stocks/原材料/HK_海螺水泥(00914).md
原材料,00968,信义光能,定量淘汰,最新ROE<15%,未进入定性复核,21.23,2.9,3.5,0.14,21.4,21.4,38.6,1.7,2,stocks/原材料/HK_信义光能(00968).md
原材料,00990,至源控股,定量淘汰,最新ROE<15%,未进入定性复核,11.51,10.7,10.7,0.93,3.8,3.2,62.9,5.7,5.7,stocks/原材料/HK_至源控股(00990).md
原材料,01053,重庆钢铁股份,定量淘汰,无有效正PE（亏损或资料缺失）,未进入定性复核,-2.72,-17.8,-17.5,6.54,0.8,-1.7,56.6,-8.8,-8.8,stocks/原材料/HK_重庆钢铁股份(01053).md
原材料,01108,凯盛新能,定量淘汰,无有效正PE（亏损或资料缺失）,未进入定性复核,-1.16,-25.7,-14.1,22.16,-12.3,-4.4,73.3,-7.4,-5.2,stocks/原材料/HK_凯盛新能(01108).md
原材料,01164,中广核矿业,定量淘汰,最新ROE<15%,未进入定性复核,42.47,10.7,10.7,0.25,1,1,47.6,6.3,6.3,stocks/原材料/HK_中广核矿业(01164).md
原材料,01208,五矿资源,定量淘汰,最新ROE<15%,未进入定性复核,27.71,13.8,5.8,0.50,,,54.9,4.3,1.5,stocks/原材料/HK_五矿资源(01208).md
原材料,01258,中国有色矿业,定量淘汰,ROE/PE<1,未进入定性复核,18.57,17.1,17.1,0.92,31.1,27.5,29,17,16.2,stocks/原材料/HK_中国有色矿业(01258).md
原材料,01313,华润建材科技,定量淘汰,最新ROE<15%,未进入定性复核,35.75,1.1,1.1,0.03,16.7,16.5,34.8,0.7,0.7,stocks/原材料/HK_华润建材科技(01313).md
原材料,01378,中国宏桥,定量淘汰,最新毛利率<40%或未披露,未进入定性复核,9.11,18.8,18.8,2.06,25.6,25.6,42.2,12.7,12.7,stocks/原材料/HK_中国宏桥(01378).md
原材料,01772,赣锋锂业,定量淘汰,最新ROE<15%,未进入定性复核,17.78,3.7,3.7,0.21,15.8,14,54.2,1.7,1.7,stocks/原材料/HK_赣锋锂业(01772).md
原材料,01787,山东黄金,定量淘汰,最新ROE<15%,未进入定性复核,16.14,11.5,10.4,0.71,20.5,14.8,62.2,3.8,2.2,stocks/原材料/HK_山东黄金(01787).md
原材料,01818,招金矿业,定量淘汰,近3期ROE中位数<15%,未进入定性复核,16.02,15.8,7.2,0.99,41.9,40,49.2,7.4,3.3,stocks/原材料/HK_招金矿业(01818).md
原材料,01888,建滔积层板,定量淘汰,PE>57.81（高于10年期国债收益率倒数）,未进入定性复核,58.15,15.4,8.8,0.26,19.6,17.7,35.8,10.9,6.2,stocks/原材料/HK_建滔积层板(01888).md
原材料,01907,中国旭阳集团,定量淘汰,PE>57.81（高于10年期国债收益率倒数）,未进入定性复核,131.12,0.5,0.5,0.00,7.8,7.3,75.6,0.1,0.1,stocks/原材料/HK_中国旭阳集团(01907).md
原材料,01921,达力普控股,定量淘汰,PE>57.81（高于10年期国债收益率倒数）,未进入定性复核,362.11,1,1,0.00,10.3,10.3,71.8,0.3,0.3,stocks/原材料/HK_达力普控股(01921).md
原材料,02009,金隅集团,定量淘汰,无有效正PE（亏损或资料缺失）,未进入定性复核,-3.76,-1.4,-0.8,0.37,12,11.1,66.3,-0.4,-0.2,stocks/原材料/HK_金隅集团(02009).md
原材料,02099,中国黄金国际,定量淘汰,近3期ROE中位数<15%,未进入定性复核,14.04,22.9,3.6,1.63,52.2,24.7,30.4,17.8,2.4,stocks/原材料/HK_中国黄金国际(02099).md
原材料,02128,中国联塑,定量淘汰,最新ROE<15%,未进入定性复核,8.91,5.2,7.1,0.58,27.5,27,56.1,2.5,3.2,stocks/原材料/HK_中国联塑(02128).md
原材料,02233,西部水泥,定量淘汰,最新ROE<15%,未进入定性复核,10.04,7.1,5.1,0.71,25.6,25.6,60.5,2.6,2,stocks/原材料/HK_西部水泥(02233).md
原材料,02259,紫金黄金国际,定量淘汰,近3期毛利率中位数<40%,未进入定性复核,20.49,29.9,22.2,1.46,52.7,37.9,29.2,24.6,10.7,stocks/原材料/HK_紫金黄金国际(02259).md
原材料,02314,理文造纸,定量淘汰,最新ROE<15%,未进入定性复核,8.96,6.6,4.6,0.74,14.6,12,47.2,3.5,2.5,stocks/原材料/HK_理文造纸(02314).md
原材料,02465,龙蟠科技,定量淘汰,PE>57.81（高于10年期国债收益率倒数）,未进入定性复核,94.8,-5.7,-19.4,-0.06,12.7,8.7,79.8,-1.3,-4.9,stocks/原材料/HK_龙蟠科技(02465).md
原材料,02579,中伟新材,定量淘汰,最新ROE<15%,未进入定性复核,12.69,7.1,7.3,0.56,12,12,58.8,2.7,3,stocks/原材料/HK_中伟新材(02579).md
原材料,02600,中国铝业,定量淘汰,最新毛利率<40%或未披露,未进入定性复核,8.41,17.6,17.6,2.09,17.2,15,46,8.3,8.1,stocks/原材料/HK_中国铝业(02600).md
原材料,02610,南山铝业国际,定性淘汰,,氧化铝生产是典型重资产、周期和资本开支型业务。,5.41,26.1,26.1,4.82,41.9,41.9,15.5,26.8,26.8,stocks/原材料/HK_南山铝业国际(02610).md
原材料,02689,玖龙纸业,定量淘汰,最新ROE<15%,未进入定性复核,10.32,3.8,1.7,0.37,11.5,9.6,66,1.4,0.6,stocks/原材料/HK_玖龙纸业(02689).md
原材料,02768,国恩科技,定量淘汰,近3期ROE中位数<15%,未进入定性复核,12.32,15.9,14.5,1.29,10.4,9.2,61.1,5.7,5.3,stocks/原材料/HK_国恩科技(02768).md
原材料,02788,创新实业,定量淘汰,最新毛利率<40%或未披露,未进入定性复核,11.67,50.2,50.2,4.30,24.8,24.8,64.1,13.7,11.6,stocks/原材料/HK_创新实业(02788).md
原材料,02899,紫金矿业,定量淘汰,最新毛利率<40%或未披露,未进入定性复核,12.86,31.8,25.9,2.47,27.7,20.4,51.6,14.6,10.3,stocks/原材料/HK_紫金矿业(02899).md
原材料,03323,中国建材,定量淘汰,无有效正PE（亏损或资料缺失）,未进入定性复核,-7.46,-3.3,2,0.44,18.7,18,61.9,-1,0.6,stocks/原材料/HK_中国建材(03323).md
原材料,03330,灵宝黄金（一百）,定量淘汰,最新毛利率<40%或未披露,未进入定性复核,15.59,37.3,23.1,2.39,21.5,12.3,56.9,17.7,10,stocks/原材料/HK_灵宝黄金（一百）(03330).md
原材料,03606,福耀玻璃,定量淘汰,最新毛利率<40%或未披露,未进入定性复核,13.95,25.4,22.3,1.82,36.8,35.5,46.4,19.5,18.1,stocks/原材料/HK_福耀玻璃(03606).md
原材料,03800,协鑫科技,定量淘汰,无有效正PE（亏损或资料缺失）,未进入定性复核,-6.18,-7.4,-7.4,1.20,9.3,9.3,42.8,-4.5,-4.5,stocks/原材料/HK_协鑫科技(03800).md
原材料,03858,佳鑫国际资源,定量淘汰,PE>57.81（高于10年期国债收益率倒数）,未进入定性复核,84.95,38.2,-86.8,0.45,48.9,48.9,54.6,14.1,-7.9,stocks/原材料/HK_佳鑫国际资源(03858).md
原材料,03939,万国黄金集团,定性淘汰,,采矿、选矿和勘探属于重资产、高资本开支业务。,32.73,34.5,26.3,1.05,74.3,53.2,17,34.4,22.4,stocks/原材料/HK_万国黄金集团(03939).md
原材料,03993,洛阳钼业,定量淘汰,最新毛利率<40%或未披露,未进入定性复核,13.71,26.5,20.7,1.93,23.9,16.5,50.3,14.8,10.6,stocks/原材料/HK_洛阳钼业(03993).md
原材料,06067,星源材质,定量淘汰,PE>57.81（高于10年期国债收益率倒数）,未进入定性复核,144.39,1.1,3.7,0.01,21.7,28.1,59.1,0.5,2.2,stocks/原材料/HK_星源材质(06067).md
原材料,06655,华新建材,定量淘汰,最新ROE<15%,未进入定性复核,8.01,9.2,9.2,1.15,30.2,26.7,53.9,4.6,4.6,stocks/原材料/HK_华新建材(06655).md
原材料,06680,金力永磁,定量淘汰,最新ROE<15%,未进入定性复核,28.33,9.7,8.2,0.34,21.2,16.1,49.9,6.4,6.4,stocks/原材料/HK_金力永磁(06680).md
原材料,06693,赤峰黄金,定量淘汰,近3期ROIC中位数<15%,未进入定性复核,14.87,28.9,25.1,1.94,52.5,43.8,33.9,20.7,11.8,stocks/原材料/HK_赤峰黄金(06693).md
原材料,06745,滨化股份,定量淘汰,最新ROE<15%,未进入定性复核,22.59,2.1,2.1,0.09,9.8,9.8,49.9,1.1,1.1,stocks/原材料/HK_滨化股份(06745).md
原材料,06865,福莱特玻璃,定量淘汰,最新ROE<15%,未进入定性复核,14.91,4.4,4.6,0.30,16.9,16.9,46.7,2.6,2.7,stocks/原材料/HK_福莱特玻璃(06865).md
原材料,09696,天齐锂业,定量淘汰,最新ROE<15%,未进入定性复核,21.84,1.1,1.1,0.05,39.3,46,27.7,0.8,0.8,stocks/原材料/HK_天齐锂业(09696).md
